Workbook

Sheet OKZ667
C1: PERSONERÍA DE BOGOTÁ, D. C. | F1: FORMATO HOJA DE VIDA DE VEHÍCULOS | T1: Codigo: 09-FR-40
T2: Versión: 03 | V2: Pagina: 1
T3: Vigente desde: 24/10/2019
C5: HOJA DE VIDA DEL VEHICULO
C6: INFORMACION GENERAL DEL VEHICULO
C7: PLACA | D7: LÍNEA | E7: TIPO | F7: MARCA | H7: COLOR | J7: NÚMERO DE MOTOR | L7: NÚMERO DE CHASIS | M7: CILINDRAJE | N7: SERIE No. | P7: TIPO CARROCERÍA | R7: LICENCIA TRÁNSITO No. | T7: No, DE PASAJEROS | U7: TIPO COMBUSTIBLE:
C8: OKZ667 | D8: DUTER DINAMIQUE | E8: CAMIONETA | F8: RENAULT | H8: BLANCO ARTICA | J8: E412C011375 | L8: 9FBHSR5B6HM294196 | M8: 1998 | N8: 9FBHSR5B6HM294197 | P8: CAMIONETA | R8: 10012891689 | T8: 5 | U8: GASOLINA
C9: POLIZA SOAT | I9: CERTIFICADO REVISIÓN TECNICO-MECÁNICA Y DE GASES | P9: INCIDENTES O ACCIDENTES DE TRÁNSITO
C10: Número de poliza | D10: Inicio de vigencia | E10: Fin de vigencia | F10: Número de poliza | G10: Inicio de vigencia | H10: Fin de vigencia | I10: Centro Diagnóstico Autorizado | K10: Inicio de vigencia | L10: Fin de vigencia | N10: Inicio de vigencia | O10: Fin de vigencia | P10: Fecha del evento | Q10: Nombre del Conductor que reporta | T10: Tipo de evento: Incidente ó Accidente
C11: 165054492 | D11: 42683 | E11: 43047
C12: 7.0080015e+15 | D12: 43048 | E12: 43412
C13: 111608906 | D13: 43412 | E13: 43776
C14: 14730800002080 | D14: 44143 | E14: 44507
C15: 9201121000598 | D15: 44508 | E15: 44872
C17: DETALLE DE MANTENIMIENTO PREVENTIVO Y CORRECTIVO
C18: Fecha Novedad de Falla Inspección Diaria Vehicular - I.D.V. ó Revisión Preventiva | D18: Kilometraje (en la fecha de la novedad) | E18: Tipo de novedad reportada en I.D.V. ó Revisión Preventiva | F18: Contrato No. | G18: Proveedor | H18: Kilometraje de la autorización de servicios | I18: Fecha factura | J18: Factura No. | K18: Tipo de mantenimiento | L18: Repuestos y Mano de obra | M18: Cant | N18: Valor Unitario Repuesto | O18: Subtotal Repuestos =(P*Q) | P18: IVA =(R*S) | Q18: Valor total repuesto =(R+S) | R18: Valor Unitario Mano de Obra | S18: Subtotal Mano de obra =(P*U) | T18: IVA (V*W) | U18: Valor total Mano de Obra =(V+W) | V18: Total Facturado =(T+X) | W18: TOTAL FACTURA | X18: DOCUMENTOS SOPORTE
C19: 42900 | H19: 9168 | I19: 42996 | J19: FS7161 | K19: PREVENTIVO | L19: LAVADO GENERAL | M19: 1 | N19: 0 | O19: =+N19*M19 -> 0 | P19: =+O19*0.19 -> 0 | Q19: =+P19+O19 -> 0 | R19: 25210 | S19: =+R19*M19 -> 25210 | T19: =+S19*0.19 -> 4789.9 | U19: =+T19+S19 -> 29999.9 | V19: =+U19+Q19 -> 29999.9
C20: 42996 | H20: 12443 | I20: 43025 | J20: FS7263 | K20: PREVENTIVO | L20: PLUMILLA LIMPIABRISA DELANTERA | M20: 2 | N20: 0 | O20: =+N20*M20 -> 0 | P20: =+O20*0.19 -> 0 | Q20: =+P20+O20 -> 0 | R20: 29700 | S20: =+R20*M20 -> 59400 | T20: =+S20*0.19 -> 11286 | U20: =+T20+S20 -> 70686 | V20: =+U20+Q20 -> 70686
C21: 42996 | H21: 12443 | I21: 43025 | J21: FS7263 | K21: PREVENTIVO | L21: PLUMILLA LIMPIABRISA TRASERA | M21: 1 | N21: 0 | O21: =+N21*M21 -> 0 | P21: =+O21*0.19 -> 0 | Q21: =+P21+O21 -> 0 | R21: 27500 | S21: =+R21*M21 -> 27500 | T21: =+S21*0.19 -> 5225 | U21: =+T21+S21 -> 32725 | V21: =+U21+Q21 -> 32725
H22: 12443 | I22: 43054 | J22: 7406 | K22: PREVENTIVO | L22: LAVADO GENERAL | M22: 1 | N22: 0 | O22: =+N22*M22 -> 0 | P22: =+O22*0.19 -> 0 | Q22: =+P22+O22 -> 0 | R22: 25210 | S22: =+R22*M22 -> 25210 | T22: =+S22*0.19 -> 4789.9 | U22: =+T22+S22 -> 29999.9 | V22: =+U22+Q22 -> 29999.9
H23: 13371 | I23: 43054 | J23: 7419 | K23: PREVENTIVO | L23: LAVADO GENERAL | M23: 1 | N23: 0 | O23: =+N23*M23 -> 0 | P23: =+O23*0.19 -> 0 | Q23: =+P23+O23 -> 0 | R23: 25210 | S23: =+R23*M23 -> 25210 | T23: =+S23*0.19 -> 4789.9 | U23: =+T23+S23 -> 29999.9 | V23: =+U23+Q23 -> 29999.9
H24: 15362 | I24: 43082 | J24: 7473 | K24: PREVENTIVO | L24: LAVADO GENERAL | M24: 1 | N24: 0 | O24: =+N24*M24 -> 0 | P24: =+O24*0.19 -> 0 | Q24: =+P24+O24 -> 0 | R24: 25210 | S24: =+R24*M24 -> 25210 | T24: =+S24*0.19 -> 4789.9 | U24: =+T24+S24 -> 29999.9 | V24: =+U24+Q24 -> 29999.9
H25: 15362 | I25: 43082 | J25: 7473 | K25: PREVENTIVO | L25: LAVADO EXTERIOR | M25: 1 | N25: 0 | O25: =+N25*M25 -> 0 | P25: =+O25*0.19 -> 0 | Q25: =+P25+O25 -> 0 | R25: 10084 | S25: =+R25*M25 -> 10084 | T25: =+S25*0.19 -> 1915.96 | U25: =+T25+S25 -> 11999.96 | V25: =+U25+Q25 -> 11999.96
H26: 15690 | I26: 43082 | J26: 7466 | K26: PREVENTIVO | L26: LAVADO EXTERIOR | M26: 1 | N26: 0 | O26: =+N26*M26 -> 0 | P26: =+O26*0.19 -> 0 | Q26: =+P26+O26 -> 0 | R26: 10084 | S26: =+R26*M26 -> 10084 | T26: =+S26*0.19 -> 1915.96 | U26: =+T26+S26 -> 11999.96 | V26: =+U26+Q26 -> 11999.96
H27: 14671 | I27: 43089 | J27: 7586 | K27: PREVENTIVO | L27: LAVADO GENERAL | M27: 1 | N27: 0 | O27: =+N27*M27 -> 0 | P27: =+O27*0.19 -> 0 | Q27: =+P27+O27 -> 0 | R27: 25210 | S27: =+R27*M27 -> 25210 | T27: =+S27*0.19 -> 4789.9 | U27: =+T27+S27 -> 29999.9 | V27: =+U27+Q27 -> 29999.9
H28: 15690 | I28: 43082 | J28: 7466 | K28: PREVENTIVO | L28: LAVADO EXTERIOR | M28: 1 | N28: 0 | O28: =+N28*M28 -> 0 | P28: =+O28*0.19 -> 0 | Q28: =+P28+O28 -> 0 | R28: 10084 | S28: =+R28*M28 -> 10084 | T28: =+S28*0.19 -> 1915.96 | U28: =+T28+S28 -> 11999.96 | V28: =+U28+Q28 -> 11999.96
H29: 15362 | I29: 13/12/018 | J29: 7473 | K29: PREVENTIVO | L29: LAVADO GENERAL | M29: 1 | N29: 0 | O29: =+N29*M29 -> 0 | P29: =+O29*0.19 -> 0 | Q29: =+P29+O29 -> 0 | R29: 25210 | S29: =+R29*M29 -> 25210 | T29: =+S29*0.19 -> 4789.9 | U29: =+T29+S29 -> 29999.9 | V29: =+U29+Q29 -> 29999.9
H30: 14671 | I30: 13/12/018 | J30: 7477 | K30: PREVENTIVO | L30: LAVADO EXTERIOR | M30: 1 | N30: 0 | O30: =+N30*M30 -> 0 | P30: =+O30*0.19 -> 0 | Q30: =+P30+O30 -> 0 | R30: 10084 | S30: =+R30*M30 -> 10084 | T30: =+S30*0.19 -> 1915.96 | U30: =+T30+S30 -> 11999.96 | V30: =+U30+Q30 -> 11999.96
H31: 17919 | I31: 43150 | J31: 7624 | K31: PREVENTIVO | L31: LAVADO EXTERIOR | M31: 1 | N31: 0 | O31: =+N31*M31 -> 0 | P31: =+O31*0.19 -> 0 | Q31: =+P31+O31 -> 0 | R31: 10084 | S31: =+R31*M31 -> 10084 | T31: =+S31*0.19 -> 1915.96 | U31: =+T31+S31 -> 11999.96 | V31: =+U31+Q31 -> 11999.96
H32: 22243 | I32: 43220 | J32: 7736 | K32: PREVENTIVO | L32: LAVADO GENERAL | M32: 1 | N32: 0 | O32: =+N32*M32 -> 0 | P32: =+O32*0.19 -> 0 | Q32: =+P32+O32 -> 0 | R32: 25210 | S32: =+R32*M32 -> 25210 | T32: =+S32*0.19 -> 4789.9 | U32: =+T32+S32 -> 29999.9 | V32: =+U32+Q32 -> 29999.9
H33: 22243 | I33: 43266 | J33: 7774 | K33: PREVENTIVO | L33: LAVADO GENERAL | M33: 1 | N33: 0 | O33: =+N33*M33 -> 0 | P33: =+O33*0.19 -> 0 | Q33: =+P33+O33 -> 0 | R33: 25210 | S33: =+R33*M33 -> 25210 | T33: =+S33*0.19 -> 4789.9 | U33: =+T33+S33 -> 29999.9 | V33: =+U33+Q33 -> 29999.9
I34: 43426 | J34: FT 119936 | K34: PREVENTIVO | L34: LAVADO GENERAL | M34: 1 | N34: 0 | O34: =+N34*M34 -> 0 | P34: =+O34*0.19 -> 0 | Q34: =+P34+O34 -> 0 | R34: 30252 | S34: =+R34*M34 -> 30252 | T34: =+S34*0.19 -> 5747.88 | U34: =+T34+S34 -> 35999.88 | V34: =+U34+Q34 -> 35999.88
I35: 43610 | J35: FT 120783 | K35: PREVENTIVO | L35: FILTRO ACEITE | M35: 1 | N35: 25412 | O35: =+N35*M35 -> 25412 | P35: =+O35*0.19 -> 4828.28 | Q35: =+P35+O35 -> 30240.28 | R35: 0 | S35: =+R35*M35 -> 0 | T35: =+S35*0.19 -> 0 | U35: =+T35+S35 -> 0 | V35: =+U35+Q35 -> 30240.28
I36: 43610 | J36: FT 120783 | K36: PREVENTIVO | L36: FILTRO AIRE ACONDICIONADO | M36: 1 | N36: 34622 | O36: =+N36*M36 -> 34622 | P36: =+O36*0.19 -> 6578.18 | Q36: =+P36+O36 -> 41200.18 | R36: 0 | S36: =+R36*M36 -> 0 | T36: =+S36*0.19 -> 0 | U36: =+T36+S36 -> 0 | V36: =+U36+Q36 -> 41200.18
I37: 43610 | J37: FT 120783 | K37: PREVENTIVO | L37: FILTRO AIRE | M37: 1 | N37: 36303 | O37: =+N37*M37 -> 36303 | P37: =+O37*0.19 -> 6897.57 | Q37: =+P37+O37 -> 43200.57 | R37: 0 | S37: =+R37*M37 -> 0 | T37: =+S37*0.19 -> 0 | U37: =+T37+S37 -> 0 | V37: =+U37+Q37 -> 43200.57
I38: 43610 | J38: FT 120783 | K38: PREVENTIVO | L38: ACEITE MOTOR | M38: 6 | N38: 34560 | O38: =+N38*M38 -> 207360 | P38: =+O38*0.19 -> 39398.4 | Q38: =+P38+O38 -> 246758.4 | R38: 0 | S38: =+R38*M38 -> 0 | T38: =+S38*0.19 -> 0 | U38: =+T38+S38 -> 0 | V38: =+U38+Q38 -> 246758.4
I39: 43610 | J39: FT 120783 | K39: PREVENTIVO | L39: LIQUIDO REFRIGERANTE | M39: 4 | N39: 9454 | O39: =+N39*M39 -> 37816 | P39: =+O39*0.19 -> 7185.04 | Q39: =+P39+O39 -> 45001.04 | R39: 0 | S39: =+R39*M39 -> 0 | T39: =+S39*0.19 -> 0 | U39: =+T39+S39 -> 0 | V39: =+U39+Q39 -> 45001.04
I40: 43610 | J40: FT 120783 | K40: CORRECTIVO | L40: JUEGO DE SALPICADERAS | M40: 1 | N40: 100800 | O40: =+N40*M40 -> 100800 | P40: =+O40*0.19 -> 19152 | Q40: =+P40+O40 -> 119952 | R40: 0 | S40: =+R40*M40 -> 0 | T40: =+S40*0.19 -> 0 | U40: =+T40+S40 -> 0 | V40: =+U40+Q40 -> 119952
I41: 43610 | J41: FT 120783 | K41: CORRECTIVO | L41: TAPETES UNIVERSAL | M41: 1 | N41: 150000 | O41: =+N41*M41 -> 150000 | P41: =+O41*0.19 -> 28500 | Q41: =+P41+O41 -> 178500 | R41: 0 | S41: =+R41*M41 -> 0 | T41: =+S41*0.19 -> 0 | U41: =+T41+S41 -> 0 | V41: =+U41+Q41 -> 178500
I42: 43610 | J42: FT 120783 | K42: CORRECTIVO | L42: REMACHE POP | M42: 30 | N42: 400 | O42: =+N42*M42 -> 12000 | P42: =+O42*0.19 -> 2280 | Q42: =+P42+O42 -> 14280 | R42: 0 | S42: =+R42*M42 -> 0 | T42: =+S42*0.19 -> 0 | U42: =+T42+S42 -> 0 | V42: =+U42+Q42 -> 14280
I43: 43610 | J43: FT 120783 | K43: CORRECTIVO | L43: TERMOSTATO | M43: 1 | N43: 142941 | O43: =+N43*M43 -> 142941 | P43: =+O43*0.19 -> 27158.79 | Q43: =+P43+O43 -> 170099.79 | R43: 0 | S43: =+R43*M43 -> 0 | T43: =+S43*0.19 -> 0 | U43: =+T43+S43 -> 0 | V43: =+U43+Q43 -> 170099.79
I44: 43610 | J44: FT 120783 | K44: PREVENTIVO | L44: CAMBIO DE ACEITE MOTOR | M44: 1 | N44: 0 | O44: =+N44*M44 -> 0 | P44: =+O44*0.19 -> 0 | Q44: =+P44+O44 -> 0 | R44: 13801 | S44: =+R44*M44 -> 13801 | T44: =+S44*0.19 -> 2622.19 | U44: =+T44+S44 -> 16423.19 | V44: =+U44+Q44 -> 16423.19
I45: 43610 | J45: FT 120783 | K45: PREVENTIVO | L45: CAMBIO FILTROS AIRE | M45: 1 | N45: 0 | O45: =+N45*M45 -> 0 | P45: =+O45*0.19 -> 0 | Q45: =+P45+O45 -> 0 | R45: 13801 | S45: =+R45*M45 -> 13801 | T45: =+S45*0.19 -> 2622.19 | U45: =+T45+S45 -> 16423.19 | V45: =+U45+Q45 -> 16423.19
... I52: 43651 | J52: FT 120917 | K52: PREVENTIVO | L52: LAVADO GENERAL Y MOTOR | M52: 1 | N52: 0 | O52: =+N52*M52 -> 0 | P52: =+O52*0.19 -> 0 | Q52: =+P52+O52 -> 0 | R52: 49160 | S52: =+R52*M52 -> 49160 | T52: =+S52*0.19 -> 9340.4 | U52: =+T52+S52 -> 58500.4 | V52: =+U52+Q52 -> 58500.4
M53: 0 | N53: 0 | O53: =+N53*M53 -> 0 | P53: =+O53*0.19 -> 0 | Q53: =+P53+O53 -> 0 | R53: 0 | S53: =+R53*M53 -> 0 | T53: =+S53*0.19 -> 0 | U53: =+T53+S53 -> 0 | V53: =+U53+Q53 -> 0
M54: 0 | N54: 0 | O54: =+N54*M54 -> 0 | P54: =+O54*0.19 -> 0 | Q54: =+P54+O54 -> 0 | R54: 0 | S54: =+R54*M54 -> 0 | T54: =+S54*0.19 -> 0 | U54: =+T54+S54 -> 0 | V54: =+U54+Q54 -> 0
H55: 52513 | I55: 43852 | J55: FT121167 | K55: PREVENTIVO | L55: PARCHE RADIAL,DESPINCHE | M55: 1 | N55: 16639 | O55: =+N55*M55 -> 16639 | P55: =+O55*0.19 -> 3161.41 | Q55: =+P55+O55 -> 19800.41 | R55: 0 | S55: =+R55*M55 -> 0 | T55: =+S55*0.19 -> 0 | U55: =+T55+S55 -> 0 | V55: =+U55+Q55 -> 19800.41
H56: 52504 | I56: 43852 | J56: FT121167 | K56: PREVENTIVO | L56: LAVADO GRAL Y MOTOR. GRAFITADA | M56: 1 | N56: 54502 | O56: =+N56*M56 -> 54502 | P56: =+O56*0.19 -> 10355.38 | Q56: =+P56+O56 -> 64857.38 | R56: 0 | S56: =+R56*M56 -> 0 | T56: =+S56*0.19 -> 0 | U56: =+T56+S56 -> 0 | V56: =+U56+Q56 -> 64857.38
H57: 51597 | I57: 43852 | J57: FT121167 | K57: PREVENTIVO | L57: LAVADO EXTERIOR | M57: 1 | N57: 18908 | O57: =+N57*M57 -> 18908 | P57: =+O57*0.19 -> 3592.52 | Q57: =+P57+O57 -> 22500.52 | R57: 0 | S57: =+R57*M57 -> 0 | T57: =+S57*0.19 -> 0 | U57: =+T57+S57 -> 0 | V57: =+U57+Q57 -> 22500.52
H58: 53333 | I58: 43852 | J58: FT121175 | K58: PREVENTIVO | L58: LAVADO EXTERIOR | M58: 1 | N58: 18908 | O58: =+N58*M58 -> 18908 | P58: =+O58*0.19 -> 3592.52 | Q58: =+P58+O58 -> 22500.52 | R58: 0 | S58: =+R58*M58 -> 0 | T58: =+S58*0.19 -> 0 | U58: =+T58+S58 -> 0 | V58: =+U58+Q58 -> 22500.52
M59: 0 | N59: 0 | O59: =+N59*M59 -> 0 | P59: =+O59*0.19 -> 0 | Q59: =+P59+O59 -> 0 | R59: 0 | S59: =+R59*M59 -> 0 | T59: =+S59*0.19 -> 0 | U59: =+T59+S59 -> 0 | V59: =+U59+Q59 -> 0
H60: 57393 | I60: 43944 | J60: FT 121231 | K60: CORRECTIVO | L60: TAPA RADIADOR | M60: 1 | N60: 18908 | O60: =+N60*M60 -> 18908 | P60: =+O60*0.19 -> 3592.52 | Q60: =+P60+O60 -> 22500.52 | R60: 0 | S60: =+R60*M60 -> 0 | T60: =+S60*0.19 -> 0 | U60: =+T60+S60 -> 0 | V60: =+U60+Q60 -> 22500.52
J61: FT 121231 | K61: CORRECTIVO | L61: EMPAQUES AIRE ACONDICIONADO | M61: 1 | N61: 40000 | O61: =+N61*M61 -> 40000 | P61: =+O61*0.19 -> 7600 | Q61: =+P61+O61 -> 47600 | R61: 0 | S61: =+R61*M61 -> 0 | T61: =+S61*0.19 -> 0 | U61: =+T61+S61 -> 0 | V61: =+U61+Q61 -> 47600
J62: FT 121231 | K62: CORRECTIVO | L62: GAS R134 | M62: 1 | N62: 140000 | O62: =+N62*M62 -> 140000 | P62: =+O62*0.19 -> 26600 | Q62: =+P62+O62 -> 166600 | R62: 0 | S62: =+R62*M62 -> 0 | T62: =+S62*0.19 -> 0 | U62: =+T62+S62 -> 0 | V62: =+U62+Q62 -> 166600
J63: FT 121231 | K63: CORRECTIVO | L63: RODAMIENTOS A/A | M63: 2 | N63: 45000 | O63: =+N63*M63 -> 90000 | P63: =+O63*0.19 -> 17100 | Q63: =+P63+O63 -> 107100 | R63: 0 | S63: =+R63*M63 -> 0 | T63: =+S63*0.19 -> 0 | U63: =+T63+S63 -> 0 | V63: =+U63+Q63 -> 107100
J64: FT 121231 | K64: CORRECTIVO | L64: SERVICIO DE SCANER | M64: 1 | N64: 0 | O64: =+N64*M64 -> 0 | P64: =+O64*0.19 -> 0 | Q64: =+P64+O64 -> 0 | R64: 34818 | S64: =+R64*M64 -> 34818 | T64: =+S64*0.19 -> 6615.42 | U64: =+T64+S64 -> 41433.42 | V64: =+U64+Q64 -> 41433.42
J65: FT 121231 | K65: CORRECTIVO | L65: REPARACION CONDENSADOR A/A | M65: 1 | N65: 0 | O65: =+N65*M65 -> 0 | P65: =+O65*0.19 -> 0 | Q65: =+P65+O65 -> 0 | R65: 320000 | S65: =+R65*M65 -> 320000 | T65: =+S65*0.19 -> 60800 | U65: =+T65+S65 -> 380800 | V65: =+U65+Q65 -> 380800
J66: FT 121231 | K66: CORRECTIVO | L66: REV SISTEMA REFRIGERACION | M66: 1 | N66: 0 | O66: =+N66*M66 -> 0 | P66: =+O66*0.19 -> 0 | Q66: =+P66+O66 -> 0 | R66: 90000 | S66: =+R66*M66 -> 90000 | T66: =+S66*0.19 -> 17100 | U66: =+T66+S66 -> 107100 | V66: =+U66+Q66 -> 107100
H67: 55907 | I67: 43944 | J67: FT 121230 | K67: PREVENTIVO | L67: LAVADO GENERAL | M67: 1 | N67: 0 | O67: =+N67*M67 -> 0 | P67: =+O67*0.19 -> 0 | Q67: =+P67+O67 -> 0 | R67: 30252 | S67: =+R67*M67 -> 30252 | T67: =+S67*0.19 -> 5747.88 | U67: =+T67+S67 -> 35999.88 | V67: =+U67+Q67 -> 35999.88
H68: 60479 | I68: 43993 | J68: FT 121290 | K68: PREVENTIVO | L68: FILTRO AIRE | M68: 1 | N68: 36302 | O68: =+N68*M68 -> 36302 | P68: =+O68*0.19 -> 6897.38 | Q68: =+P68+O68 -> 43199.38 | R68: 13801 | S68: =+R68*M68 -> 13801 | T68: =+S68*0.19 -> 2622.19 | U68: =+T68+S68 -> 16423.19 | V68: =+U68+Q68 -> 59622.57
H69: 60479 | I69: 43993 | J69: FT 121290 | K69: PREVENTIVO | L69: FILTRO ACEITE | M69: 1 | N69: 25412 | O69: =+N69*M69 -> 25412 | P69: =+O69*0.19 -> 4828.28 | Q69: =+P69+O69 -> 30240.28 | R69: 17941 | S69: =+R69*M69 -> 17941 | T69: =+S69*0.19 -> 3408.79 | U69: =+T69+S69 -> 21349.79 | V69: =+U69+Q69 -> 51590.07
H70: 60479 | I70: 43993 | J70: FT 121290 | K70: PREVENTIVO | L70: ACEITE SINTETICO 10W40 | M70: 6 | N70: 29042 | O70: =+N70*M70 -> 174252 | P70: =+O70*0.19 -> 33107.88 | Q70: =+P70+O70 -> 207359.88 | R70: 0 | S70: =+R70*M70 -> 0 | T70: =+S70*0.19 -> 0 | U70: =+T70+S70 -> 0 | V70: =+U70+Q70 -> 207359.88
H71: 60479 | I71: 43993 | J71: FT 121293 | K71: CORRECTIVO | L71: BOMBILLO STOP | M71: 1 | N71: 5672 | O71: =+N71*M71 -> 5672 | P71: =+O71*0.19 -> 1077.68 | Q71: =+P71+O71 -> 6749.68 | R71: 35294 | S71: =+R71*M71 -> 35294 | T71: =+S71*0.19 -> 6705.86 | U71: =+T71+S71 -> 41999.86 | V71: =+U71+Q71 -> 48749.54
G72: TALLERES EL NORTE | H72: 65729 | I72: 44179 | J72: FT01 225 | K72: CORRECTIVO | L72: ACEITE HIDRAULICO DIRECCION | M72: 3 | N72: 20609 | O72: =+N72*M72 -> 61827 | P72: =+O72*0.19 -> 11747.13 | Q72: =+P72+O72 -> 73574.13 | R72: 0 | S72: =+R72*M72 -> 0 | T72: =+S72*0.19 -> 0 | U72: =+T72+S72 -> 0 | V72: =+U72+Q72 -> 73574.13
G73: TALLERES EL NORTE | H73: 65729 | I73: 44179 | J73: FT01 225 | K73: CORRECTIVO | L73: GRASA | M73: 1 | N73: 17385 | O73: =+N73*M73 -> 17385 | P73: =+O73*0.19 -> 3303.15 | Q73: =+P73+O73 -> 20688.15 | R73: 32849 | S73: =+R73*M73 -> 32849 | T73: =+S73*0.19 -> 6241.31 | U73: =+T73+S73 -> 39090.31 | V73: =+U73+Q73 -> 59778.46
G74: TALLERES EL NORTE | H74: 65729 | I74: 44179 | J74: FT01 225 | K74: PREVENTIVO | L74: ACEITE SINTETICO 10W40 | M74: 6 | N74: 22396 | O74: =+N74*M74 -> 134376 | P74: =+O74*0.19 -> 25531.44 | Q74: =+P74+O74 -> 159907.44 | R74: 0 | S74: =+R74*M74 -> 0 | T74: =+S74*0.19 -> 0 | U74: =+T74+S74 -> 0 | V74: =+U74+Q74 -> 159907.44
G75: TALLERES EL NORTE | H75: 65729 | I75: 44179 | J75: FT01 225 | K75: PREVENTIVO | L75: FILTRO A/A | M75: 1 | N75: 28803 | O75: =+N75*M75 -> 28803 | P75: =+O75*0.19 -> 5472.57 | Q75: =+P75+O75 -> 34275.57 | R75: 8200 | S75: =+R75*M75 -> 8200 | T75: =+S75*0.19 -> 1558 | U75: =+T75+S75 -> 9758 | V75: =+U75+Q75 -> 44033.57
G76: TALLERES EL NORTE | H76: 65729 | I76: 44179 | J76: FT01 225 | K76: CORRECTIVO | L76: GAS R 134 | M76: 1 | N76: 140000 | O76: =+N76*M76 -> 140000 | P76: =+O76*0.19 -> 26600 | Q76: =+P76+O76 -> 166600 | R76: 0 | S76: =+R76*M76 -> 0 | T76: =+S76*0.19 -> 0 | U76: =+T76+S76 -> 0 | V76: =+U76+Q76 -> 166600
G77: TALLERES EL NORTE | H77: 65729 | I77: 44179 | J77: FT01 225 | K77: CORRECTIVO | L77: EMPAQUE PUERTA DELATERA | M77: 2 | N77: 335000 | O77: =+N77*M77 -> 670000 | P77: =+O77*0.19 -> 127300 | Q77: =+P77+O77 -> 797300 | R77: 60000 | S77: =+R77*M77 -> 120000 | T77: =+S77*0.19 -> 22800 | U77: =+T77+S77 -> 142800 | V77: =+U77+Q77 -> 940100
G78: TALLERES EL NORTE | H78: 65729 | I78: 44179 | J78: FT01 225 | K78: CORRECTIVO | L78: JUEGO DE AMORTIGUDORES DELANTEROS | M78: 1 | N78: 198261 | O78: =+N78*M78 -> 198261 | P78: =+O78*0.19 -> 37669.59 | Q78: =+P78+O78 -> 235930.59 | R78: 58078 | S78: =+R78*M78 -> 58078 | T78: =+S78*0.19 -> 11034.82 | U78: =+T78+S78 -> 69112.82 | V78: =+U78+Q78 -> 305043.41
G79: TALLERES EL NORTE | H79: 65729 | I79: 44179 | J79: FT01 225 | K79: CORRECTIVO | L79: ESPIRAL USPENCION DELANTERA | M79: 2 | N79: 142000 | O79: =+N79*M79 -> 284000 | P79: =+O79*0.19 -> 53960 | Q79: =+P79+O79 -> 337960 | R79: 0 | S79: =+R79*M79 -> 0 | T79: =+S79*0.19 -> 0 | U79: =+T79+S79 -> 0 | V79: =+U79+Q79 -> 337960
G80: TALLERES EL NORTE | H80: 65729 | I80: 44179 | J80: FT01 225 | K80: CORRECTIVO | L80: BIELETA INFERIOR | M80: 1 | N80: 98200 | O80: =+N80*M80 -> 98200 | P80: =+O80*0.19 -> 18658 | Q80: =+P80+O80 -> 116858 | R80: 0 | S80: =+R80*M80 -> 0 | T80: =+S80*0.19 -> 0 | U80: =+T80+S80 -> 0 | V80: =+U80+Q80 -> 116858
G81: TALLERES EL NORTE | H81: 65729 | I81: 44179 | J81: FT01 225 | K81: CORRECTIVO | L81: TIGERA INFERIOR IZQUIERDA | M81: 1 | N81: 365879 | O81: =+N81*M81 -> 365879 | P81: =+O81*0.19 -> 69517.01 | Q81: =+P81+O81 -> 435396.01 | R81: 0 | S81: =+R81*M81 -> 0 | T81: =+S81*0.19 -> 0 | U81: =+T81+S81 -> 0 | V81: =+U81+Q81 -> 435396.01
G82: TALLERES EL NORTE | H82: 65729 | I82: 44179 | J82: FT01 225 | K82: CORRECTIVO | L82: EMPAQUETADURA BOMBA HIDRAULICA | M82: 1 | N82: 285000 | O82: =+N82*M82 -> 285000 | P82: =+O82*0.19 -> 54150 | Q82: =+P82+O82 -> 339150 | R82: 0 | S82: =+R82*M82 -> 0 | T82: =+S82*0.19 -> 0 | U82: =+T82+S82 -> 0 | V82: =+U82+Q82 -> 339150
G83: TALLERES EL NORTE | H83: 65729 | I83: 44179 | J83: FT01 225 | K83: CORRECTIVO | L83: RODAMIENTOS BOMBA HIDRAULICA | M83: 2 | N83: 40000 | O83: =+N83*M83 -> 80000 | P83: =+O83*0.19 -> 15200 | Q83: =+P83+O83 -> 95200 | R83: 160000 | S83: =+R83*M83 -> 320000 | T83: =+S83*0.19 -> 60800 | U83: =+T83+S83 -> 380800 | V83: =+U83+Q83 -> 476000
... G99: TALLERES EL NORTE | H99: 65729 | I99: 44179 | J99: FT01 225 | K99: CORRECTIVO | L99: BALANCEO | M99: 4 | N99: 0 | O99: =+N99*M99 -> 0 | P99: =+O99*0.19 -> 0 | Q99: =+P99+O99 -> 0 | R99: 7259 | S99: =+R99*M99 -> 29036 | T99: =+S99*0.19 -> 5516.84 | U99: =+T99+S99 -> 34552.84 | V99: =+U99+Q99 -> 34552.84
G100: TALLERES EL NORTE | H100: 65729 | I100: 44179 | J100: FT01 225 | K100: CORRECTIVO | L100: ALINEACION LUCES | M100: 1 | O100: =+N100*M100 -> 0 | P100: =+O100*0.19 -> 0 | Q100: =+P100+O100 -> 0 | R100: 60000 | S100: =+R100*M100 -> 60000 | T100: =+S100*0.19 -> 11400 | U100: =+T100+S100 -> 71400 | V100: =+U100+Q100 -> 71400 | X100: =SUM(V72:V100) -> 6335541
G101: TALLERES EL NORTE | H101: 68189 | I101: 44237 | J101: FC01 12 | K101: CORRECTIVO | L101: BOMBILLO EXPLORADORA | M101: 1 | N101: 32340 | O101: =+N101*M101 -> 32340 | P101: =+O101*0.19 -> 6144.6 | Q101: =+P101+O101 -> 38484.6 | R101: 0 | S101: =+R101*M101 -> 0 | T101: =+S101*0.19 -> 0 | U101: =+T101+S101 -> 0 | V101: =+U101+Q101 -> 38484.6
G102: TALLERES EL NORTE | H102: 68189 | I102: 44237 | J102: FC01 12 | K102: CORRECTIVO | L102: DESMANCHADO EXTERIOR | M102: 1 | N102: 86765 | O102: =+N102*M102 -> 86765 | P102: =+O102*0.19 -> 16485.35 | Q102: =+P102+O102 -> 103250.35 | R102: 0 | S102: =+R102*M102 -> 0 | T102: =+S102*0.19 -> 0 | U102: =+T102+S102 -> 0 | V102: =+U102+Q102 -> 103250.35
G103: TALLERES EL NORTE | H103: 68189 | I103: 44237 | J103: FC01 12 | K103: CORRECTIVO | L103: D/M AVISOS | M103: 1 | N103: 0 | O103: =+N103*M103 -> 0 | P103: =+O103*0.19 -> 0 | Q103: =+P103+O103 -> 0 | R103: 150000 | S103: =+R103*M103 -> 150000 | T103: =+S103*0.19 -> 28500 | U103: =+T103+S103 -> 178500 | V103: =+U103+Q103 -> 178500
G104: TALLERES EL NORTE | H104: 68189 | I104: 44237 | J104: FC01 12 | K104: CORRECTIVO | L104: CAMBIO PARTES TAPISADO S.CONDUCTOR | M104: 1 | N104: 0 | O104: =+N104*M104 -> 0 | P104: =+O104*0.19 -> 0 | Q104: =+P104+O104 -> 0 | R104: 260000 | S104: =+R104*M104 -> 260000 | T104: =+S104*0.19 -> 49400 | U104: =+T104+S104 -> 309400 | V104: =+U104+Q104 -> 309400
G105: TALLERES EL NORTE | H105: 68189 | I105: 44237 | J105: FC01 12 | K105: CORRECTIVO | L105: LAVADO GENERAL | M105: 1 | N105: 0 | O105: =+N105*M105 -> 0 | P105: =+O105*0.19 -> 0 | Q105: =+P105+O105 -> 0 | R105: 24118 | S105: =+R105*M105 -> 24118 | T105: =+S105*0.19 -> 4582.42 | U105: =+T105+S105 -> 28700.42 | V105: =+U105+Q105 -> 28700.42 | X105: =SUM(V101:V105) -> 658335.37
G106: TALLERES EL NORTE | H106: 70507 | I106: 44237 | J106: FC01 22 | K106: PREVENTIVO | L106: FILTRO DE ACEITE | M106: 1 | N106: 21216 | O106: =+N106*M106 -> 21216 | P106: =+O106*0.19 -> 4031.04 | Q106: =+P106+O106 -> 25247.04 | R106: 10243 | S106: =+R106*M106 -> 10243 | T106: =+S106*0.19 -> 1946.17 | U106: =+T106+S106 -> 12189.17 | V106: =+U106+Q106 -> 37436.21
G107: TALLERES EL NORTE | H107: 70507 | I107: 44237 | J107: FC01 22 | K107: PREVENTIVO | L107: FILTRO DE AIRE | M107: 1 | N107: 30207 | O107: =+N107*M107 -> 30207 | P107: =+O107*0.19 -> 5739.33 | Q107: =+P107+O107 -> 35946.33 | R107: 11965 | S107: =+R107*M107 -> 11965 | T107: =+S107*0.19 -> 2273.35 | U107: =+T107+S107 -> 14238.35 | V107: =+U107+Q107 -> 50184.68
G108: TALLERES EL NORTE | H108: 70507 | I108: 44237 | J108: FC01 22 | K108: PREVENTIVO | L108: JUEGO DE PLUMILLAS | M108: 1 | N108: 25365 | O108: =+N108*M108 -> 25365 | P108: =+O108*0.19 -> 4819.35 | Q108: =+P108+O108 -> 30184.35 | S108: =+R108*M108 -> 0 | T108: =+S108*0.19 -> 0 | U108: =+T108+S108 -> 0 | V108: =+U108+Q108 -> 30184.35
G109: TALLERES EL NORTE | H109: 70507 | I109: 44237 | J109: FC01 22 | K109: PREVENTIVO | L109: LIQUIDO DE FRENOS | M109: 3 | N109: 16074 | O109: =+N109*M109 -> 48222 | P109: =+O109*0.19 -> 9162.18 | Q109: =+P109+O109 -> 57384.18 | S109: =+R109*M109 -> 0 | T109: =+S109*0.19 -> 0 | U109: =+T109+S109 -> 0 | V109: =+U109+Q109 -> 57384.18
G110: TALLERES EL NORTE | H110: 70507 | I110: 44237 | J110: FC01 22 | K110: PREVENTIVO | L110: KIT TENSOR CORREA ACE. | M110: 1 | N110: 300000 | O110: =+N110*M110 -> 300000 | P110: =+O110*0.19 -> 57000 | Q110: =+P110+O110 -> 357000 | R110: 120000 | S110: =+R110*M110 -> 120000 | T110: =+S110*0.19 -> 22800 | U110: =+T110+S110 -> 142800 | V110: =+U110+Q110 -> 499800
G111: TALLERES EL NORTE | H111: 70507 | I111: 44237 | J111: FC01 22 | K111: CORRECTIVO | L111: GAS R 134 | M111: 1 | N111: 140000 | O111: =+N111*M111 -> 140000 | P111: =+O111*0.19 -> 26600 | Q111: =+P111+O111 -> 166600 | S111: =+R111*M111 -> 0 | T111: =+S111*0.19 -> 0 | U111: =+T111+S111 -> 0 | V111: =+U111+Q111 -> 166600
G112: TALLERES EL NORTE | H112: 70507 | I112: 44237 | J112: FC01 22 | K112: PREVENTIVO | L112: REVISION GENERAL DE FRENOS | M112: 1 | N112: 0 | O112: =+N112*M112 -> 0 | P112: =+O112*0.19 -> 0 | Q112: =+P112+O112 -> 0 | R112: 24949 | S112: =+R112*M112 -> 24949 | T112: =+S112*0.19 -> 4740.31 | U112: =+T112+S112 -> 29689.31 | V112: =+U112+Q112 -> 29689.31
G113: TALLERES EL NORTE | H113: 70507 | I113: 44237 | J113: FC01 22 | K113: PREVENTIVO | L113: ALINEACION | M113: 1 | N113: 20690 | O113: =+N113*M113 -> 20690 | P113: =+O113*0.19 -> 3931.1 | Q113: =+P113+O113 -> 24621.1 | S113: =+R113*M113 -> 0 | T113: =+S113*0.19 -> 0 | U113: =+T113+S113 -> 0 | V113: =+U113+Q113 -> 24621.1
G114: TALLERES EL NORTE | H114: 70507 | I114: 44237 | J114: FC01 22 | K114: PREVENTIVO | L114: BALANCEO | M114: 4 | N114: 7259 | O114: =+N114*M114 -> 29036 | P114: =+O114*0.19 -> 5516.84 | Q114: =+P114+O114 -> 34552.84 | R114: 0 | S114: =+R114*M114 -> 0 | T114: =+S114*0.19 -> 0 | U114: =+T114+S114 -> 0 | V114: =+U114+Q114 -> 34552.84
G115: TALLERES EL NORTE | H115: 70507 | I115: 44237 | J115: FC01 22 | K115: CORRECTIVO | L115: REVISION Y RECARGA A/A | M115: 1 | N115: 0 | O115: =+N115*M115 -> 0 | P115: =+O115*0.19 -> 0 | Q115: =+P115+O115 -> 0 | R115: 150000 | S115: =+R115*M115 -> 150000 | T115: =+S115*0.19 -> 28500 | U115: =+T115+S115 -> 178500 | V115: =+U115+Q115 -> 178500
G116: TALLERES EL NORTE | H116: 70507 | I116: 44237 | J116: FC01 22 | K116: PREVENTIVO | L116: ACEITE SINTETICO 10W40 | M116: 6 | N116: 22396 | O116: =+N116*M116 -> 134376 | P116: =+O116*0.19 -> 25531.44 | Q116: =+P116+O116 -> 159907.44 | S116: =+R116*M116 -> 0 | T116: =+S116*0.19 -> 0 | U116: =+T116+S116 -> 0 | V116: =+U116+Q116 -> 159907.44 | X116: =SUM(V106:V116) -> 1268860.1
G117: TALLERES EL NORTE | H117: 72705 | I117: 44308 | J117: FC01 165 | K117: =VLOOKUP(L117,Hoja1!B$2:C$401,2,"FALSO") -> CORRECTIVO | L117: BUJE BARRA TRASERA | M117: 2 | N117: 90000 | O117: =+N117*M117 -> 180000 | P117: =+O117*0.19 -> 34200 | Q117: =+P117+O117 -> 214200 | S117: =+R117*M117 -> 0 | T117: =+S117*0.19 -> 0 | U117: =+T117+S117 -> 0 | V117: =+U117+Q117 -> 214200
F118: 76640 | G118: TALLERES EL NORTE | H118: 72705 | I118: 44308 | J118: FC01 165 | K118: =VLOOKUP(L118,Hoja1!B$2:C$401,2,"FALSO") -> PREVENTIVO | L118: PLUMILLA LIMPIABRISA TRASERA | M118: 1 | N118: 72900 | O118: =+N118*M118 -> 72900 | P118: =+O118*0.19 -> 13851 | Q118: =+P118+O118 -> 86751 | R118: 0 | S118: =+R118*M118 -> 0 | T118: =+S118*0.19 -> 0 | U118: =+T118+S118 -> 0 | V118: =+U118+Q118 -> 86751
G119: TALLERES EL NORTE | H119: 72705 | I119: 44308 | J119: FC01 165 | K119: =VLOOKUP(L119,Hoja1!B$2:C$401,2,"FALSO") -> CORRECTIVO | L119: BANCO DE PRUEBA TRASERA | M119: 1 | N119: 0 | O119: =+N119*M119 -> 0 | P119: =+O119*0.19 -> 0 | Q119: =+P119+O119 -> 0 | R119: 350000 | S119: =+R119*M119 -> 350000 | T119: =+S119*0.19 -> 66500 | U119: =+T119+S119 -> 416500 | V119: =+U119+Q119 -> 416500
G120: TALLERES EL NORTE | H120: 72705 | I120: 44308 | J120: FC01 165 | K120: =VLOOKUP(L120,Hoja1!B$2:C$401,2,"FALSO") -> CORRECTIVO | L120: REPARACION LLANTA | M120: 1 | N120: 0 | O120: =+N120*M120 -> 0 | P120: =+O120*0.19 -> 0 | Q120: =+P120+O120 -> 0 | R120: 80000 | S120: =+R120*M120 -> 80000 | T120: =+S120*0.19 -> 15200 | U120: =+T120+S120 -> 95200 | V120: =+U120+Q120 -> 95200
G121: TALLERES EL NORTE | H121: 72705 | I121: 44308 | J121: FC01 165 | K121: =VLOOKUP(L121,Hoja1!B$2:C$401,2,"FALSO") -> PREVENTIVO | L121: ARREGLO MODULO PUERTA TRASERA | M121: 1 | N121: 0 | O121: =+N121*M121 -> 0 | P121: =+O121*0.19 -> 0 | Q121: =+P121+O121 -> 0 | R121: 160000 | S121: =+R121*M121 -> 160000 | T121: =+S121*0.19 -> 30400 | U121: =+T121+S121 -> 190400 | V121: =+U121+Q121 -> 190400
G122: TALLERES EL NORTE | H122: 72705 | I122: 44308 | J122: FC01 165 | K122: =VLOOKUP(L122,Hoja1!B$2:C$401,2,"FALSO") -> PREVENTIVO | L122: ALINEACION | M122: 1 | N122: 0 | O122: =+N122*M122 -> 0 | P122: =+O122*0.19 -> 0 | Q122: =+P122+O122 -> 0 | R122: 20690 | S122: =+R122*M122 -> 20690 | T122: =+S122*0.19 -> 3931.1 | U122: =+T122+S122 -> 24621.1 | V122: =+U122+Q122 -> 24621.1
G123: TALLERES EL NORTE | H123: 72705 | I123: 44308 | J123: FC01 165 | K123: =VLOOKUP(L123,Hoja1!B$2:C$401,2,"FALSO") -> CORRECTIVO | L123: RECTIFICAR BARRA | M123: 1 | N123: 0 | O123: =+N123*M123 -> 0 | P123: =+O123*0.19 -> 0 | Q123: =+P123+O123 -> 0 | R123: 100000 | S123: =+R123*M123 -> 100000 | T123: =+S123*0.19 -> 19000 | U123: =+T123+S123 -> 119000 | V123: =+U123+Q123 -> 119000 | X123: =SUM(V117:V123) -> 1146672.1
...

Sheet Hoja1
A1: OKZ667 | B1: Repuestos y Mano de obra | C1: Tipo de mantenimiento
A2: TALLERES EL NORTE | B2: ABRAZADERA 450x720 NEGRA | C2: CORRECTIVO
A3: INVERSIONES EL NORTE SAS | B3: ACEITE CHEVRON PARA HIDRAULICO | C3: PREVENTIVO
A4: TALLERES EL NORTE | B4: ACEITE HID ACD PLUS ATF TYPE VI | C4: PREVENTIVO
A5: INVERSIONES EL NORTE SAS | B5: ACEITE HIDRAULICO | C5: PREVENTIVO
A6: INVERSIONES EL NORTE SAS | B6: ACEITE HIDRAULICO CAJA | C6: PREVENTIVO
A7: TALLERES EL NORTE | B7: ACEITE HIDRAULICO DIRECCION | C7: PREVENTIVO
A8: TALLERES EL NORTE | B8: ACEITE MOTOR | C8: PREVENTIVO
A9: TALLERES EL NORTE | B9: ACEITE MOTOR AC DELCO SELE 20W50 | C9: PREVENTIVO
A10: TALLERES EL NORTE | B10: ACEITE SINTETICO | C10: PREVENTIVO
A11: TALLERES EL NORTE | B11: ACEITE SINTETICO 10W40 | C11: PREVENTIVO
A12: INVERSIONES EL NORTE SAS | B12: ACEITE SINTETICO MOTOR | C12: PREVENTIVO
... A417: INVERSIONES EL NORTE SAS | B417: CAMBIO DE FILTROS | C417: PREVENTIVO
