Workbook

Sheet OLN047
C1: PERSONERÍA DE BOGOTÁ, D. C. | F1: FORMATO HOJA DE VIDA DE VEHÍCULOS | U1: Codigo: 09-FR-40
U2: Versión: 03 | W2: Pagina: 1
U3: Vigente desde: 24/10/2019
C5: HOJA DE VIDA DEL VEHICULO
C6: INFORMACION GENERAL DEL VEHICULO
C7: PLACA | D7: LÍNEA | E7: TIPO | F7: MARCA | H7: COLOR | J7: NÚMERO DE MOTOR | L7: NÚMERO DE CHASIS | N7: CILINDRAJE | O7: SERIE No. | Q7: TIPO CARROCERÍA | S7: LICENCIA TRÁNSITO No. | U7: No, DE PASAJEROS | V7: TIPO COMBUSTIBLE:
C8: OLN047 | D8: LOGAN | E8: SEDAN | F8: RENAULT | H8: GRIS ESTRELLA | J8: 2842Q147594 | L8: 9FB4SRC94JM167924 | N8: 1599 | O8: 9FB4SRC94JM167924 | Q8: SEDAN | S8: 10015511132 | U8: 5 | V8: GASOLINA
C9: POLIZA SOAT | I9: CERTIFICADO REVISIÓN TECNICO-MECÁNICA Y DE GASES | Q9: INCIDENTES O ACCIDENTES DE TRÁNSITO
C10: Número de poliza | D10: Inicio de vigencia | E10: Fin de vigencia | F10: Número de poliza | G10: Inicio de vigencia | H10: Fin de vigencia | I10: Centro Diagnóstico Autorizado | K10: Inicio de vigencia | L10: Fin de vigencia | M10: Centro Diagnóstico Autorizado | O10: Inicio de vigencia | P10: Fin de vigencia | Q10: Fecha del evento | R10: Nombre del Conductor que reporta | U10: Tipo de evento: Incidente ó Accidente
C11: 184644014 | D11: 43126 | E11: 43490
C12: 14730800001820 | D12: 43856 | E12: 44221
C13: 9201121000593 | D13: 44222 | E13: 44586
C17: DETALLE DE MANTENIMIENTO PREVENTIVO Y CORRECTIVO
C18: Fecha Novedad de Falla Inspección Diaria Vehicular - I.D.V. ó Revisión Preventiva | D18: Kilometraje (en la fecha de la novedad) | E18: Tipo de novedad reportada en I.D.V. ó Revisión Preventiva | F18: Contrato No. | G18: Proveedor | H18: Kilometraje de la autorización de servicios | I18: Fecha factura | J18: Factura No. | K18: Tipo de mantenimiento | L18: Repuestos y Mano de obra | N18: Cant | O18: Valor Unitario Repuesto | P18: Subtotal Repuestos =(P*Q) | Q18: IVA =(R*S) | R18: Valor total repuesto =(R+S) | S18: Valor Unitario Mano de Obra | T18: Subtotal Mano de obra =(P*U) | U18: IVA (V*W) | V18: Valor total Mano de Obra =(V+W) | W18: Total Facturado =(T+X) | X18: TOTAL FACTURA | Y18: DOCUMENTOS SOPORTE
G19: TALLERES EL NORTE | H19: 40023 | I19: 44179 | J19: FT01 235 | K19: =VLOOKUP(L19,Hoja1!B$2:C$401,2,"FALSO") -> PREVENTIVO | L19: ACEITE SINTETICO MOTOR | N19: 4 | O19: 25062 | P19: =+O19*N19 -> 100248 | Q19: =+P19*0.19 -> 19047.12 | R19: =+Q19+P19 -> 119295.12 | S19: 0 | T19: =+S19*N19 -> 0 | U19: =+T19*0.19 -> 0 | V19: =+U19+T19 -> 0 | W19: =+V19+R19 -> 119295.12
G20: TALLERES EL NORTE | H20: 40023 | I20: 44179 | J20: FT01 235 | K20: =VLOOKUP(L20,Hoja1!B$2:C$401,2,"FALSO") -> PREVENTIVO | L20: ACEITE CHEVRON PARA HIDRAULICO | N20: 2 | O20: 21408 | P20: =+O20*N20 -> 42816 | Q20: =+P20*0.19 -> 8135.04 | R20: =+Q20+P20 -> 50951.04 | S20: 0 | T20: =+S20*N20 -> 0 | U20: =+T20*0.19 -> 0 | V20: =+U20+T20 -> 0 | W20: =+V20+R20 -> 50951.04
G21: TALLERES EL NORTE | H21: 40023 | I21: 44179 | J21: FT01 235 | K21: =VLOOKUP(L21,Hoja1!B$2:C$401,2,"FALSO") -> PREVENTIVO | L21: FILTRO ACEITE | N21: 1 | O21: 12562 | P21: =+O21*N21 -> 12562 | Q21: =+P21*0.19 -> 2386.78 | R21: =+Q21+P21 -> 14948.78 | S21: 0 | T21: =+S21*N21 -> 0 | U21: =+T21*0.19 -> 0 | V21: =+U21+T21 -> 0 | W21: =+V21+R21 -> 14948.78
G22: TALLERES EL NORTE | H22: 40023 | I22: 44179 | J22: FT01 235 | K22: =VLOOKUP(L22,Hoja1!B$2:C$401,2,"FALSO") -> PREVENTIVO | L22: FILTRO AIRE | N22: 1 | O22: 30566 | P22: =+O22*N22 -> 30566 | Q22: =+P22*0.19 -> 5807.54 | R22: =+Q22+P22 -> 36373.54 | S22: 0 | T22: =+S22*N22 -> 0 | U22: =+T22*0.19 -> 0 | V22: =+U22+T22 -> 0 | W22: =+V22+R22 -> 36373.54
G23: TALLERES EL NORTE | H23: 40023 | I23: 44179 | J23: FT01 235 | K23: =VLOOKUP(L23,Hoja1!B$2:C$401,2,"FALSO") -> PREVENTIVO | L23: FILTRO AIRE ACONDICIONADO | N23: 1 | O23: 29460 | P23: =+O23*N23 -> 29460 | Q23: =+P23*0.19 -> 5597.4 | R23: =+Q23+P23 -> 35057.4 | S23: 0 | T23: =+S23*N23 -> 0 | U23: =+T23*0.19 -> 0 | V23: =+U23+T23 -> 0 | W23: =+V23+R23 -> 35057.4
G24: TALLERES EL NORTE | H24: 40023 | I24: 44179 | J24: FT01 235 | K24: =VLOOKUP(L24,Hoja1!B$2:C$401,2,"FALSO") -> PREVENTIVO | L24: LIQUIDO DE FRENOS | N24: 2 | O24: 16337 | P24: =+O24*N24 -> 32674 | Q24: =+P24*0.19 -> 6208.06 | R24: =+Q24+P24 -> 38882.06 | S24: 0 | T24: =+S24*N24 -> 0 | U24: =+T24*0.19 -> 0 | V24: =+U24+T24 -> 0 | W24: =+V24+R24 -> 38882.06
G25: TALLERES EL NORTE | H25: 40023 | I25: 44179 | J25: FT01 235 | K25: =VLOOKUP(L25,Hoja1!B$2:C$401,2,"FALSO") -> CORRECTIVO | L25: JUEGO DE BUJIAS | N25: 1 | O25: 46326 | P25: =+O25*N25 -> 46326 | Q25: =+P25*0.19 -> 8801.94 | R25: =+Q25+P25 -> 55127.94 | S25: 0 | T25: =+S25*N25 -> 0 | U25: =+T25*0.19 -> 0 | V25: =+U25+T25 -> 0 | W25: =+V25+R25 -> 55127.94
G26: TALLERES EL NORTE | H26: 40023 | I26: 44179 | J26: FT01 235 | K26: =VLOOKUP(L26,Hoja1!B$2:C$401,2,"FALSO") -> #N/A | L26: LIMPIADOR PARA CUERPO ACELERACION | N26: 1 | O26: 19240 | P26: =+O26*N26 -> 19240 | Q26: =+P26*0.19 -> 3655.6 | R26: =+Q26+P26 -> 22895.6 | S26: 0 | T26: =+S26*N26 -> 0 | U26: =+T26*0.19 -> 0 | V26: =+U26+T26 -> 0 | W26: =+V26+R26 -> 22895.6
G27: TALLERES EL NORTE | H27: 40023 | I27: 44179 | J27: FT01 235 | K27: =VLOOKUP(L27,Hoja1!B$2:C$401,2,"FALSO") -> CORRECTIVO | L27: GAS R 134 | N27: 1 | O27: 140000 | P27: =+O27*N27 -> 140000 | Q27: =+P27*0.19 -> 26600 | R27: =+Q27+P27 -> 166600 | S27: 0 | T27: =+S27*N27 -> 0 | U27: =+T27*0.19 -> 0 | V27: =+U27+T27 -> 0 | W27: =+V27+R27 -> 166600
G28: TALLERES EL NORTE | H28: 40023 | I28: 44179 | J28: FT01 235 | K28: =VLOOKUP(L28,Hoja1!B$2:C$401,2,"FALSO") -> #N/A | L28: REVISION DE FRENOS | N28: 1 | O28: 0 | P28: =+O28*N28 -> 0 | Q28: =+P28*0.19 -> 0 | R28: =+Q28+P28 -> 0 | S28: 24949 | T28: =+S28*N28 -> 24949 | U28: =+T28*0.19 -> 4740.31 | V28: =+U28+T28 -> 29689.31 | W28: =+V28+R28 -> 29689.31
G29: TALLERES EL NORTE | H29: 40023 | I29: 44179 | J29: FT01 235 | K29: =VLOOKUP(L29,Hoja1!B$2:C$401,2,"FALSO") -> PREVENTIVO | L29: CAMBIO DE ACEITE MOTOR, ENTRE OTROS | N29: 1 | O29: 0 | P29: =+O29*N29 -> 0 | Q29: =+P29*0.19 -> 0 | R29: =+Q29+P29 -> 0 | S29: 11824 | T29: =+S29*N29 -> 11824 | U29: =+T29*0.19 -> 2246.56 | V29: =+U29+T29 -> 14070.56 | W29: =+V29+R29 -> 14070.56
G30: TALLERES EL NORTE | H30: 40023 | I30: 44179 | J30: FT01 235 | K30: =VLOOKUP(L30,Hoja1!B$2:C$401,2,"FALSO") -> PREVENTIVO | L30: CAMBIO FILTRO ACEITE, COMBUST, AIRE | N30: 1 | O30: 0 | P30: =+O30*N30 -> 0 | Q30: =+P30*0.19 -> 0 | R30: =+Q30+P30 -> 0 | S30: 9566 | T30: =+S30*N30 -> 9566 | U30: =+T30*0.19 -> 1817.54 | V30: =+U30+T30 -> 11383.54 | W30: =+V30+R30 -> 11383.54
... G37: TALLERES EL NORTE | H37: 40023 | I37: 44179 | J37: FT01 235 | K37: =VLOOKUP(L37,Hoja1!B$2:C$401,2,"FALSO") -> PREVENTIVO | L37: SERVICIO DE SCANER | N37: 1 | O37: 0 | P37: =+O37*N37 -> 0 | Q37: =+P37*0.19 -> 0 | R37: =+Q37+P37 -> 0 | S37: 52182 | T37: =+S37*N37 -> 52182 | U37: =+T37*0.19 -> 9914.58 | V37: =+U37+T37 -> 62096.58 | W37: =+V37+R37 -> 62096.58
G38: TALLERES EL NORTE | H38: 40023 | I38: 44179 | J38: FT01 235 | K38: =VLOOKUP(L38,Hoja1!B$2:C$401,2,"FALSO") -> #N/A | L38: LAVADO Y SINCRONIZADO DE INYECTORES (POR 4) | N38: 1 | O38: 0 | P38: =+O38*N38 -> 0 | Q38: =+P38*0.19 -> 0 | R38: =+Q38+P38 -> 0 | S38: 77504 | T38: =+S38*N38 -> 77504 | U38: =+T38*0.19 -> 14725.76 | V38: =+U38+T38 -> 92229.76 | W38: =+V38+R38 -> 92229.76 | X38: =SUM(W19:W38) -> 1440740.1
G39: TALLERES EL NORTE | H39: 44575 | I39: 44179 | J39: FT01 241 | K39: =VLOOKUP(L39,Hoja1!B$2:C$401,2,"FALSO") -> CORRECTIVO | L39: BOMBILLO HALOGENO H7 12 VOLTIOS | N39: 2 | O39: 27568 | P39: =+O39*N39 -> 55136 | Q39: =+P39*0.19 -> 10475.84 | R39: =+Q39+P39 -> 65611.84 | S39: 0 | T39: =+S39*N39 -> 0 | U39: =+T39*0.19 -> 0 | V39: =+U39+T39 -> 0 | W39: =+V39+R39 -> 65611.84
G40: TALLERES EL NORTE | H40: 44575 | I40: 44179 | J40: FT01 241 | K40: =VLOOKUP(L40,Hoja1!B$2:C$401,2,"FALSO") -> CORRECTIVO | L40: BOMBILLO H16 | N40: 2 | O40: 50700 | P40: =+O40*N40 -> 101400 | Q40: =+P40*0.19 -> 19266 | R40: =+Q40+P40 -> 120666 | S40: 0 | T40: =+S40*N40 -> 0 | U40: =+T40*0.19 -> 0 | V40: =+U40+T40 -> 0 | W40: =+V40+R40 -> 120666
G41: TALLERES EL NORTE | H41: 44575 | I41: 44179 | J41: FT01 241 | K41: =VLOOKUP(L41,Hoja1!B$2:C$401,2,"FALSO") -> #N/A | L41: SERVICIO SCANNER | N41: 1 | O41: 0 | P41: =+O41*N41 -> 0 | Q41: =+P41*0.19 -> 0 | R41: =+Q41+P41 -> 0 | S41: 48710 | T41: =+S41*N41 -> 48710 | U41: =+T41*0.19 -> 9254.9 | V41: =+U41+T41 -> 57964.9 | W41: =+V41+R41 -> 57964.9
G42: TALLERES EL NORTE | H42: 44575 | I42: 44179 | J42: FT01 241 | K42: =VLOOKUP(L42,Hoja1!B$2:C$401,2,"FALSO") -> #N/A | L42: PARCHE RADIAL,DESPINCHE | N42: 1 | O42: 0 | P42: =+O42*N42 -> 0 | Q42: =+P42*0.19 -> 0 | R42: =+Q42+P42 -> 0 | S42: 17941 | T42: =+S42*N42 -> 17941 | U42: =+T42*0.19 -> 3408.79 | V42: =+U42+T42 -> 21349.79 | W42: =+V42+R42 -> 21349.79
G43: TALLERES EL NORTE | H43: 44575 | I43: 44179 | J43: FT01 241 | K43: =VLOOKUP(L43,Hoja1!B$2:C$401,2,"FALSO") -> PREVENTIVO | L43: REVISION DE LUCES | N43: 1 | O43: 0 | P43: =+O43*N43 -> 0 | Q43: =+P43*0.19 -> 0 | R43: =+Q43+P43 -> 0 | S43: 90000 | T43: =+S43*N43 -> 90000 | U43: =+T43*0.19 -> 17100 | V43: =+U43+T43 -> 107100 | W43: =+V43+R43 -> 107100
G44: TALLERES EL NORTE | H44: 44575 | I44: 44179 | J44: FT01 241 | K44: BUSCARV(L44;Hoja1!B$2:C$401;2;"FALSO") | L44: REVISION ELECTRICA | N44: 1 | O44: 0 | P44: =+O44*N44 -> 0 | Q44: =+P44*0.19 -> 0 | R44: =+Q44+P44 -> 0 | S44: 120000 | T44: =+S44*N44 -> 120000 | U44: =+T44*0.19 -> 22800 | V44: =+U44+T44 -> 142800 | W44: =+V44+R44 -> 142800 | X44: =SUM(W39:W44) -> 515492.53
G45: INVERSIONES EL NORTE SAS | H45: 34000 | I45: 44095 | J45: FT 7331 | K45: =VLOOKUP(L45,Hoja1!B$2:C$401,2,"FALSO") -> PREVENTIVO | L45: LLANTA NUEVA POR UNIDAD | N45: 1 | O45: 108066 | P45: =+O45*N45 -> 108066 | Q45: =+P45*0.19 -> 20532.54 | R45: =+Q45+P45 -> 128598.54 | S45: 0 | T45: =+S45*N45 -> 0 | U45: =+T45*0.19 -> 0 | V45: =+U45+T45 -> 0 | W45: =+V45+R45 -> 128598.54
G46: INVERSIONES EL NORTE SAS | H46: 34000 | I46: 44095 | J46: FT 7331 | K46: =VLOOKUP(L46,Hoja1!B$2:C$401,2,"FALSO") -> PREVENTIVO | L46: MONTAJE DE LLANTAS | N46: 1 | O46: 0 | P46: =+O46*N46 -> 0 | Q46: =+P46*0.19 -> 0 | R46: =+Q46+P46 -> 0 | S46: 8282 | T46: =+S46*N46 -> 8282 | U46: =+T46*0.19 -> 1573.58 | V46: =+U46+T46 -> 9855.58 | W46: =+V46+R46 -> 9855.58 | X46: =SUM(W45:W46) -> 138454.12
G47: TALLERES EL NORTE | H47: NO | I47: 44237 | J47: FC01 24 | K47: =VLOOKUP(L47,Hoja1!B$2:C$401,2,"FALSO") -> CORRECTIVO | L47: DIRECCIONAL ESPEJO | N47: 1 | O47: 154000 | P47: =+O47*N47 -> 154000 | Q47: =+P47*0.19 -> 29260 | R47: =+Q47+P47 -> 183260 | S47: 0 | T47: =+S47*N47 -> 0 | U47: =+T47*0.19 -> 0 | V47: =+U47+T47 -> 0 | W47: =+V47+R47 -> 183260
G48: TALLERES EL NORTE | H48: 41000 | I48: 44308 | J48: FC01 164 | K48: =VLOOKUP(L48,Hoja1!B$2:C$401,2,"FALSO") -> CORRECTIVO | L48: BATERIA | N48: 1 | O48: 228910 | P48: =+O48*N48 -> 228910 | Q48: =+P48*0.19 -> 43492.9 | R48: =+Q48+P48 -> 272402.9 | S48: 0 | T48: =+S48*N48 -> 0 | U48: =+T48*0.19 -> 0 | V48: =+U48+T48 -> 0 | W48: =+V48+R48 -> 272402.9
G49: TALLERES EL NORTE | H49: 41000 | I49: 44308 | J49: FC01 164 | K49: =VLOOKUP(L49,Hoja1!B$2:C$401,2,"FALSO") -> PREVENTIVO | L49: KIT FELPA PARA BATERIA | N49: 1 | O49: 3500 | P49: =+O49*N49 -> 3500 | Q49: =+P49*0.19 -> 665 | R49: =+Q49+P49 -> 4165 | S49: 0 | T49: =+S49*N49 -> 0 | U49: =+T49*0.19 -> 0 | V49: =+U49+T49 -> 0 | W49: =+V49+R49 -> 4165
G50: TALLERES EL NORTE | H50: 41000 | I50: 44308 | J50: FC01 164 | K50: =VLOOKUP(L50,Hoja1!B$2:C$401,2,"FALSO") -> PREVENTIVO | L50: FUSIBLE | N50: 2 | O50: 5000 | P50: =+O50*N50 -> 10000 | Q50: =+P50*0.19 -> 1900 | R50: =+Q50+P50 -> 11900 | S50: 0 | T50: =+S50*N50 -> 0 | U50: =+T50*0.19 -> 0 | V50: =+U50+T50 -> 0 | W50: =+V50+R50 -> 11900
G51: TALLERES EL NORTE | H51: 41000 | I51: 44308 | J51: FC01 164 | K51: =VLOOKUP(L51,Hoja1!B$2:C$401,2,"FALSO") -> CORRECTIVO | L51: BOMBILLO | N51: 1 | O51: 6211 | P51: =+O51*N51 -> 6211 | Q51: =+P51*0.19 -> 1180.09 | R51: =+Q51+P51 -> 7391.09 | S51: 0 | T51: =+S51*N51 -> 0 | U51: =+T51*0.19 -> 0 | V51: =+U51+T51 -> 0 | W51: =+V51+R51 -> 7391.09
G52: TALLERES EL NORTE | H52: 41000 | I52: 44308 | J52: FC01 164 | K52: =VLOOKUP(L52,Hoja1!B$2:C$401,2,"FALSO") -> CORRECTIVO | L52: CAMBIO BATERIA | N52: 1 | O52: 0 | P52: =+O52*N52 -> 0 | Q52: =+P52*0.19 -> 0 | R52: =+Q52+P52 -> 0 | S52: 15246 | T52: =+S52*N52 -> 15246 | U52: =+T52*0.19 -> 2896.74 | V52: =+U52+T52 -> 18142.74 | W52: =+V52+R52 -> 18142.74
G53: TALLERES EL NORTE | H53: 41000 | I53: 44308 | J53: FC01 164 | K53: =VLOOKUP(L53,Hoja1!B$2:C$401,2,"FALSO") -> PREVENTIVO | L53: SERVICIO DE SCANER | N53: 1 | O53: 0 | P53: =+O53*N53 -> 0 | Q53: =+P53*0.19 -> 0 | R53: =+Q53+P53 -> 0 | S53: 52182 | T53: =+S53*N53 -> 52182 | U53: =+T53*0.19 -> 9914.58 | V53: =+U53+T53 -> 62096.58 | W53: =+V53+R53 -> 62096.58
G54: TALLERES EL NORTE | H54: 41000 | I54: 44308 | J54: FC01 164 | K54: =VLOOKUP(L54,Hoja1!B$2:C$401,2,"FALSO") -> PREVENTIVO | L54: AJUSTE DE MASAS | N54: 1 | O54: 0 | P54: =+O54*N54 -> 0 | Q54: =+P54*0.19 -> 0 | R54: =+Q54+P54 -> 0 | S54: 45000 | T54: =+S54*N54 -> 45000 | U54: =+T54*0.19 -> 8550 | V54: =+U54+T54 -> 53550 | W54: =+V54+R54 -> 53550 | X54: =SUM(W48:W54) -> 429648.31
G55: TALLERES EL NORTE | H55: 50331 | I55: 44357 | J55: FC01 369 | K55: =VLOOKUP(L55,Hoja1!B$2:C$401,2,"FALSO") -> PREVENTIVO | L55: FILTRO ACEITE | N55: 1 | O55: 12562 | P55: =+O55*N55 -> 12562 | Q55: =+P55*0.19 -> 2386.78 | R55: =+Q55+P55 -> 14948.78 | S55: 0 | T55: =+S55*N55 -> 0 | U55: =+T55*0.19 -> 0 | V55: =+U55+T55 -> 0 | W55: =+V55+R55 -> 14948.78
G56: TALLERES EL NORTE | H56: 50331 | I56: 44357 | J56: FC01 369 | K56: =VLOOKUP(L56,Hoja1!B$2:C$401,2,"FALSO") -> PREVENTIVO | L56: FILTRO AIRE | N56: 1 | O56: 30566 | P56: =+O56*N56 -> 30566 | Q56: =+P56*0.19 -> 5807.54 | R56: =+Q56+P56 -> 36373.54 | S56: 0 | T56: =+S56*N56 -> 0 | U56: =+T56*0.19 -> 0 | V56: =+U56+T56 -> 0 | W56: =+V56+R56 -> 36373.54
G57: TALLERES EL NORTE | H57: 50331 | I57: 44357 | J57: FC01 369 | K57: =VLOOKUP(L57,Hoja1!B$2:C$401,2,"FALSO") -> PREVENTIVO | L57: LIQUIDO DE FRENOS | N57: 1 | O57: 16337 | P57: =+O57*N57 -> 16337 | Q57: =+P57*0.19 -> 3104.03 | R57: =+Q57+P57 -> 19441.03 | S57: 0 | T57: =+S57*N57 -> 0 | U57: =+T57*0.19 -> 0 | V57: =+U57+T57 -> 0 | W57: =+V57+R57 -> 19441.03
G58: TALLERES EL NORTE | H58: 50331 | I58: 44357 | J58: FC01 369 | K58: =VLOOKUP(L58,Hoja1!B$2:C$401,2,"FALSO") -> PREVENTIVO | L58: JUEGO PASTILLAS FRENOS DELANTEROS | N58: 1 | O58: 156829 | P58: =+O58*N58 -> 156829 | Q58: =+P58*0.19 -> 29797.51 | R58: =+Q58+P58 -> 186626.51 | S58: 0 | T58: =+S58*N58 -> 0 | U58: =+T58*0.19 -> 0 | V58: =+U58+T58 -> 0 | W58: =+V58+R58 -> 186626.51
G59: TALLERES EL NORTE | H59: 50331 | I59: 44357 | J59: FC01 369 | K59: =VLOOKUP(L59,Hoja1!B$2:C$401,2,"FALSO") -> PREVENTIVO | L59: FILTRO A/A | N59: 1 | O59: 29460 | P59: =+O59*N59 -> 29460 | Q59: =+P59*0.19 -> 5597.4 | R59: =+Q59+P59 -> 35057.4 | S59: 0 | T59: =+S59*N59 -> 0 | U59: =+T59*0.19 -> 0 | V59: =+U59+T59 -> 0 | W59: =+V59+R59 -> 35057.4
G60: TALLERES EL NORTE | H60: 50331 | I60: 44357 | J60: FC01 369 | K60: =VLOOKUP(L60,Hoja1!B$2:C$401,2,"FALSO") -> CORRECTIVO | L60: GAS R 134 | N60: 1 | O60: 140000 | P60: =+O60*N60 -> 140000 | Q60: =+P60*0.19 -> 26600 | R60: =+Q60+P60 -> 166600 | S60: 0 | T60: =+S60*N60 -> 0 | U60: =+T60*0.19 -> 0 | V60: =+U60+T60 -> 0 | W60: =+V60+R60 -> 166600
G61: TALLERES EL NORTE | H61: 50331 | I61: 44357 | J61: FC01 369 | K61: =VLOOKUP(L61,Hoja1!B$2:C$401,2,"FALSO") -> CORRECTIVO | L61: KIT CADENA DE REPARTICION (CADENILLA, GUIAS Y TENSOR) | N61: 1 | O61: 208411 | P61: =+O61*N61 -> 208411 | Q61: =+P61*0.19 -> 39598.09 | R61: =+Q61+P61 -> 248009.09 | S61: 0 | T61: =+S61*N61 -> 0 | U61: =+T61*0.19 -> 0 | V61: =+U61+T61 -> 0 | W61: =+V61+R61 -> 248009.09
G62: TALLERES EL NORTE | H62: 50331 | I62: 44357 | J62: FC01 369 | K62: =VLOOKUP(L62,Hoja1!B$2:C$401,2,"FALSO") -> CORRECTIVO | L62: JUEGO CORREA ACCESORIOS, PATIN, TENSOR | N62: 1 | O62: 320000 | P62: =+O62*N62 -> 320000 | Q62: =+P62*0.19 -> 60800 | R62: =+Q62+P62 -> 380800 | S62: 0 | T62: =+S62*N62 -> 0 | U62: =+T62*0.19 -> 0 | V62: =+U62+T62 -> 0 | W62: =+V62+R62 -> 380800
G63: TALLERES EL NORTE | H63: 50331 | I63: 44357 | J63: FC01 369 | K63: =VLOOKUP(L63,Hoja1!B$2:C$401,2,"FALSO") -> PREVENTIVO | L63: EMPAQUES AIRE ACONDICIONADO | N63: 1 | O63: 40000 | P63: =+O63*N63 -> 40000 | Q63: =+P63*0.19 -> 7600 | R63: =+Q63+P63 -> 47600 | S63: 0 | T63: =+S63*N63 -> 0 | U63: =+T63*0.19 -> 0 | V63: =+U63+T63 -> 0 | W63: =+V63+R63 -> 47600
G64: TALLERES EL NORTE | H64: 50331 | I64: 44357 | J64: FC01 369 | K64: =VLOOKUP(L64,Hoja1!B$2:C$451,2,"FALSO") -> CORRECTIVO | L64: JUEGO TAPONES EJE DE LEVAS | N64: 2 | O64: 27600 | P64: =+O64*N64 -> 55200 | Q64: =+P64*0.19 -> 10488 | R64: =+Q64+P64 -> 65688 | S64: 0 | T64: =+S64*N64 -> 0 | U64: =+T64*0.19 -> 0 | V64: =+U64+T64 -> 0 | W64: =+V64+R64 -> 65688
G65: TALLERES EL NORTE | H65: 50331 | I65: 44357 | J65: FC01 369 | K65: =VLOOKUP(L65,Hoja1!B$2:C$451,2,"FALSO") -> PREVENTIVO | L65: CAMBIO DE ACEITE MOTOR, ENTRE OTROS | N65: 1 | O65: 0 | P65: =+O65*N65 -> 0 | Q65: =+P65*0.19 -> 0 | R65: =+Q65+P65 -> 0 | S65: 11824 | T65: =+S65*N65 -> 11824 | U65: =+T65*0.19 -> 2246.56 | V65: =+U65+T65 -> 14070.56 | W65: =+V65+R65 -> 14070.56
G66: TALLERES EL NORTE | H66: 50331 | I66: 44357 | J66: FC01 369 | K66: =VLOOKUP(L66,Hoja1!B$2:C$451,2,"FALSO") -> PREVENTIVO | L66: CAMBIO FILTRO ACEITE, COMBUST, AIRE | N66: 1 | O66: 0 | P66: =+O66*N66 -> 0 | Q66: =+P66*0.19 -> 0 | R66: =+Q66+P66 -> 0 | S66: 9566 | T66: =+S66*N66 -> 9566 | U66: =+T66*0.19 -> 1817.54 | V66: =+U66+T66 -> 11383.54 | W66: =+V66+R66 -> 11383.54
G67: TALLERES EL NORTE | H67: 50331 | I67: 44357 | J67: FC01 369 | K67: =VLOOKUP(L67,Hoja1!B$2:C$451,2,"FALSO") -> PREVENTIVO | L67: CAMBIO FILTRO AIRE ACONDICIONADO | N67: 1 | O67: 0 | P67: =+O67*N67 -> 0 | Q67: =+P67*0.19 -> 0 | R67: =+Q67+P67 -> 0 | S67: 7641 | T67: =+S67*N67 -> 7641 | U67: =+T67*0.19 -> 1451.79 | V67: =+U67+T67 -> 9092.79 | W67: =+V67+R67 -> 9092.79
G68: TALLERES EL NORTE | H68: 50331 | I68: 44357 | J68: FC01 369 | K68: =VLOOKUP(L68,Hoja1!B$2:C$451,2,"FALSO") -> PREVENTIVO | L68: REVISION GENERAL, GRADUACION Y AJUSTE DE FRENOS | N68: 1 | O68: 0 | P68: =+O68*N68 -> 0 | Q68: =+P68*0.19 -> 0 | R68: =+Q68+P68 -> 0 | S68: 24949 | T68: =+S68*N68 -> 24949 | U68: =+T68*0.19 -> 4740.31 | V68: =+U68+T68 -> 29689.31 | W68: =+V68+R68 -> 29689.31
G69: TALLERES EL NORTE | H69: 50331 | I69: 44357 | J69: FC01 369 | K69: =VLOOKUP(L69,Hoja1!B$2:C$451,2,"FALSO") -> PREVENTIVO | L69: PURGA SISTEMA DE FRENOS Y CAMBIO DE LIQUIDO | N69: 1 | O69: 0 | P69: =+O69*N69 -> 0 | Q69: =+P69*0.19 -> 0 | R69: =+Q69+P69 -> 0 | S69: 26139 | T69: =+S69*N69 -> 26139 | U69: =+T69*0.19 -> 4966.41 | V69: =+U69+T69 -> 31105.41 | W69: =+V69+R69 -> 31105.41
G70: TALLERES EL NORTE | H70: 50331 | I70: 44357 | J70: FC01 369 | K70: =VLOOKUP(L70,Hoja1!B$2:C$451,2,"FALSO") -> PREVENTIVO | L70: CAMBIO PASTILLAS DELANTERAS | N70: 1 | O70: 0 | P70: =+O70*N70 -> 0 | Q70: =+P70*0.19 -> 0 | R70: =+Q70+P70 -> 0 | S70: 37856 | T70: =+S70*N70 -> 37856 | U70: =+T70*0.19 -> 7192.64 | V70: =+U70+T70 -> 45048.64 | W70: =+V70+R70 -> 45048.64
G71: TALLERES EL NORTE | H71: 50331 | I71: 44357 | J71: FC01 369 | K71: =VLOOKUP(L71,Hoja1!B$2:C$451,2,"FALSO") -> CORRECTIVO | L71: RECARGA AIRE ACONDICIONADO | N71: 1 | O71: 0 | P71: =+O71*N71 -> 0 | Q71: =+P71*0.19 -> 0 | R71: =+Q71+P71 -> 0 | S71: 150000 | T71: =+S71*N71 -> 150000 | U71: =+T71*0.19 -> 28500 | V71: =+U71+T71 -> 178500 | W71: =+V71+R71 -> 178500
G72: TALLERES EL NORTE | H72: 50331 | I72: 44357 | J72: FC01 369 | K72: =VLOOKUP(L72,Hoja1!B$2:C$451,2,"FALSO") -> PREVENTIVO | L72: ALINEACION | N72: 1 | O72: 0 | P72: =+O72*N72 -> 0 | Q72: =+P72*0.19 -> 0 | R72: =+Q72+P72 -> 0 | S72: 19969 | T72: =+S72*N72 -> 19969 | U72: =+T72*0.19 -> 3794.11 | V72: =+U72+T72 -> 23763.11 | W72: =+V72+R72 -> 23763.11
G73: TALLERES EL NORTE | H73: 50331 | I73: 44357 | J73: FC01 369 | K73: =VLOOKUP(L73,Hoja1!B$2:C$451,2,"FALSO") -> CORRECTIVO | L73: CAMBIO KIT CORREA ACCESORIOS | N73: 1 | O73: 0 | P73: =+O73*N73 -> 0 | Q73: =+P73*0.19 -> 0 | R73: =+Q73+P73 -> 0 | S73: 140000 | T73: =+S73*N73 -> 140000 | U73: =+T73*0.19 -> 26600 | V73: =+U73+T73 -> 166600 | W73: =+V73+R73 -> 166600
G74: TALLERES EL NORTE | H74: 50331 | I74: 44357 | J74: FC01 369 | K74: =VLOOKUP(L74,Hoja1!B$2:C$451,2,"FALSO") -> PREVENTIVO | L74: SERVICIO DE SCANER | N74: 1 | O74: 0 | P74: =+O74*N74 -> 0 | Q74: =+P74*0.19 -> 0 | R74: =+Q74+P74 -> 0 | S74: 52182 | T74: =+S74*N74 -> 52182 | U74: =+T74*0.19 -> 9914.58 | V74: =+U74+T74 -> 62096.58 | W74: =+V74+R74 -> 62096.58
G75: TALLERES EL NORTE | H75: 50331 | I75: 44357 | J75: FC01 369 | K75: =VLOOKUP(L75,Hoja1!B$2:C$451,2,"FALSO") -> CORRECTIVO | L75: CAMBIO KIT REPARTICION (CORREA, PATIN, TENSOR) | N75: 1 | O75: 0 | P75: =+O75*N75 -> 0 | Q75: =+P75*0.19 -> 0 | R75: =+Q75+P75 -> 0 | S75: 133558 | T75: =+S75*N75 -> 133558 | U75: =+T75*0.19 -> 25376.02 | V75: =+U75+T75 -> 158934.02 | W75: =+V75+R75 -> 158934.02
G76: TALLERES EL NORTE | H76: 50331 | I76: 44357 | J76: FC01 369 | K76: =VLOOKUP(L76,Hoja1!B$2:C$451,2,"FALSO") -> PREVENTIVO | L76: ACEITE SINTETICO | N76: 4 | O76: 25062 | P76: =+O76*N76 -> 100248 | Q76: =+P76*0.19 -> 19047.12 | R76: =+Q76+P76 -> 119295.12 | S76: 0 | T76: =+S76*N76 -> 0 | U76: =+T76*0.19 -> 0 | V76: =+U76+T76 -> 0 | W76: =+V76+R76 -> 119295.12
G77: TALLERES EL NORTE | H77: 50331 | I77: 44357 | J77: FC01 369 | K77: =VLOOKUP(L77,Hoja1!B$2:C$451,2,"FALSO") -> CORRECTIVO | L77: VALVULINA | N77: 2 | O77: 17311 | P77: =+O77*N77 -> 34622 | Q77: =+P77*0.19 -> 6578.18 | R77: =+Q77+P77 -> 41200.18 | S77: 0 | T77: =+S77*N77 -> 0 | U77: =+T77*0.19 -> 0 | V77: =+U77+T77 -> 0 | W77: =+V77+R77 -> 41200.18 | X77: =SUM(W55:W77) -> 2091923.6
G78: TALLERES EL NORTE | H78: 52993 | I78: 44446 | J78: FC06 354 | K78: CORRECTIVO | L78: BOMBILLO HALOGENO H7 12 VOLTIOS | N78: 1 | O78: 23399 | P78: =+O78*N78 -> 23399 | Q78: =+P78*0.19 -> 4445.81 | R78: =+Q78+P78 -> 27844.81 | S78: 0 | T78: =+S78*N78 -> 0 | U78: =+T78*0.19 -> 0 | V78: =+U78+T78 -> 0 | W78: =+V78+R78 -> 27844.81
G79: TALLERES EL NORTE | H79: 52993 | I79: 44446 | J79: FC06 354 | K79: CORRECTIVO | L79: BOMBILLO H16 9600 12V, 51W ALEMAN | N79: 2 | O79: 42000 | P79: =+O79*N79 -> 84000 | Q79: =+P79*0.19 -> 15960 | R79: =+Q79+P79 -> 99960 | S79: 0 | T79: =+S79*N79 -> 0 | U79: =+T79*0.19 -> 0 | V79: =+U79+T79 -> 0 | W79: =+V79+R79 -> 99960
G80: TALLERES EL NORTE | H80: 52993 | I80: 44446 | J80: FC06 354 | K80: CORRECTIVO | L80: REV ELECTRICA GENERAL Y LIMPIEZA DE CONECTORES | N80: 1 | O80: 0 | P80: =+O80*N80 -> 0 | Q80: =+P80*0.19 -> 0 | R80: =+Q80+P80 -> 0 | S80: 90000 | T80: =+S80*N80 -> 90000 | U80: =+T80*0.19 -> 17100 | V80: =+U80+T80 -> 107100 | W80: =+V80+R80 -> 107100
G81: AUTOINVERCOL | H81: 122184 | I81: 45342 | J81: APV 31378 | K81: PREVENTIVO | L81: PASTILLAS FRENOS | N81: 1 | O81: 178647.9 | P81: =+O81*N81 -> 178647.9 | Q81: =+P81*0.19 -> 33943.101 | R81: =+Q81+P81 -> 212591 | S81: 123815.13 | T81: =+S81*N81 -> 123815.13 | U81: =+T81*0.19 -> 23524.875 | V81: =+U81+T81 -> 147340 | W81: =+V81+R81 -> 359931.01 | X81: =W81 -> 359931.01 | Y81: SOPORTE
C82: 45362 | E82: CAMBIO EXPLORADOREAS, CAMBIO PLUMILLAS LIMPIA PARABRISAS, REVISIÓN ALARMA | G82: AUTOINVERCOL | H82: 124938 | I82: 45374 | J82: APV 31648 | K82: PREVENTIVO | L82: LIQUIDO DE FRENOS X PINTA | N82: 2 | O82: 21899.16 | P82: =+O82*N82 -> 43798.32 | Q82: =+P82*0.19 -> 8321.6808 | R82: =+Q82+P82 -> 52120.001 | T82: =+S82*N82 -> 0 | U82: =+T82*0.19 -> 0 | V82: =+U82+T82 -> 0 | W82: =+V82+R82 -> 52120.001 | X82: =SUM(W82:W94) -> 3466813.7 | Y82: SOPORTE
K83: CORRECTIVO | L83: BOMBILLO EXPLORADORA 0 | N83: 2 | O83: 34791.6 | P83: =+O83*N83 -> 69583.2 | Q83: =+P83*0.19 -> 13220.808 | R83: =+Q83+P83 -> 82804.008 | S83: 10957.14 | T83: =+S83*N83 -> 21914.28 | U83: =+T83*0.19 -> 4163.7132 | V83: =+U83+T83 -> 26077.993 | W83: =+V83+R83 -> 108882
K84: CORRECTIVO | L84: JUEGO DE EXPLORADORAS 0 | N84: 1 | O84: 330000 | P84: =+O84*N84 -> 330000 | Q84: =+P84*0.19 -> 62700 | R84: =+Q84+P84 -> 392700 | S84: 75000 | T84: =+S84*N84 -> 75000 | U84: =+T84*0.19 -> 14250 | V84: =+U84+T84 -> 89250 | W84: =+V84+R84 -> 481950
K85: CORRECTIVO | L85: ALARMA COMPLETA 0 | N85: 1 | O85: 380000 | P85: =+O85*N85 -> 380000 | Q85: =+P85*0.19 -> 72200 | R85: =+Q85+P85 -> 452200 | S85: 150000 | T85: =+S85*N85 -> 150000 | U85: =+T85*0.19 -> 28500 | V85: =+U85+T85 -> 178500 | W85: =+V85+R85 -> 630700
K86: CORRECTIVO | L86: CARCAZA TOMA DE AIRE MOTOR 0 | N86: 1 | O86: 410000 | P86: =+O86*N86 -> 410000 | Q86: =+P86*0.19 -> 77900 | R86: =+Q86+P86 -> 487900 | S86: 15800 | T86: =+S86*N86 -> 15800 | U86: =+T86*0.19 -> 3002 | V86: =+U86+T86 -> 18802 | W86: =+V86+R86 -> 506702
K87: CORRECTIVO | L87: DUCTO TOMA DE AIRE MOTOR | N87: 1 | O87: 120000 | P87: =+O87*N87 -> 120000 | Q87: =+P87*0.19 -> 22800 | R87: =+Q87+P87 -> 142800 | T87: =+S87*N87 -> 0 | U87: =+T87*0.19 -> 0 | V87: =+U87+T87 -> 0 | W87: =+V87+R87 -> 142800
K88: PREVENTIVO | L88: LIQUIDO DE FRENOS X PINTA | N88: 1 | P88: =+O88*N88 -> 0 | Q88: =+P88*0.19 -> 0 | R88: =+Q88+P88 -> 0 | S88: 81083.19 | T88: =+S88*N88 -> 81083.19 | U88: =+T88*0.19 -> 15405.806 | V88: =+U88+T88 -> 96488.996 | W88: =+V88+R88 -> 96488.996
K89: CORRECTIVO | L89: INSTALAR SEGUROS ESPEJOS Y LUNAS 0 | N89: 2 | P89: =+O89*N89 -> 0 | Q89: =+P89*0.19 -> 0 | R89: =+Q89+P89 -> 0 | S89: 105000 | T89: =+S89*N89 -> 210000 | U89: =+T89*0.19 -> 39900 | V89: =+U89+T89 -> 249900 | W89: =+V89+R89 -> 249900
K90: CORRECTIVO | L90: ALINEACIÓN LUCES 0 | N90: 1 | P90: =+O90*N90 -> 0 | Q90: =+P90*0.19 -> 0 | R90: =+Q90+P90 -> 0 | S90: 29411.76 | T90: =+S90*N90 -> 29411.76 | U90: =+T90*0.19 -> 5588.2344 | V90: =+U90+T90 -> 34999.994 | W90: =+V90+R90 -> 34999.994
K91: CORRECTIVO | L91: AJUSTE Y TORQUE DE SUSPENCIÓN 0 | N91: 1 | P91: =+O91*N91 -> 0 | Q91: =+P91*0.19 -> 0 | R91: =+Q91+P91 -> 0 | S91: 170000 | T91: =+S91*N91 -> 170000 | U91: =+T91*0.19 -> 32300 | V91: =+U91+T91 -> 202300 | W91: =+V91+R91 -> 202300
K92: CORRECTIVO | L92: POLARIZADO | N92: 1 | P92: =+O92*N92 -> 0 | Q92: =+P92*0.19 -> 0 | R92: =+Q92+P92 -> 0 | S92: 360000.04 | T92: =+S92*N92 -> 360000.04 | U92: =+T92*0.19 -> 68400.008 | V92: =+U92+T92 -> 428400.05 | W92: =+V92+R92 -> 428400.05
K93: PREVENTIVO | L93: MANTENIMIENTO GENERAL DE FRENOS 0 | N93: 1 | P93: =+O93*N93 -> 0 | Q93: =+P93*0.19 -> 0 | R93: =+Q93+P93 -> 0 | S93: 176470.59 | T93: =+S93*N93 -> 176470.59 | U93: =+T93*0.19 -> 33529.412 | V93: =+U93+T93 -> 210000 | W93: =+V93+R93 -> 210000
K94: PREVENTIVO | L94: MANTENIMINTO Y LIMPIEZA SISTEMA HIDRAULICO 0 | N94: 1 | P94: =+O94*N94 -> 0 | Q94: =+P94*0.19 -> 0 | R94: =+Q94+P94 -> 0 | S94: 270227.41 | T94: =+S94*N94 -> 270227.41 | U94: =+T94*0.19 -> 51343.208 | V94: =+U94+T94 -> 321570.62 | W94: =+V94+R94 -> 321570.62
C95: 45434 | E95: REVISIÓN SISTEMA DE ENENDIDO, SINCRONIZACIÓN MOTOR | G95: UNION TEMPORAL EL NORTE | H95: 127220 | I95: 45455 | J95: FVUN 163 | K95: CORRECTIVO | L95: BUJÍA MOTOR | N95: 4 | O95: 22867 | P95: =+O95*N95 -> 91468 | Q95: =+P95*0.19 -> 17378.92 | R95: =+Q95+P95 -> 108846.92 | T95: =+S95*N95 -> 0 | U95: =+T95*0.19 -> 0 | V95: =+U95+T95 -> 0 | W95: =+V95+R95 -> 108846.92 | X95: =SUM(W95:W101) -> 1649726.8 | Y95: SOPORTE
K96: PREVENTIVO | L96: FILTRO DE AIRE | N96: 1 | O96: 78233 | P96: =+O96*N96 -> 78233 | Q96: =+P96*0.19 -> 14864.27 | R96: =+Q96+P96 -> 93097.27 | T96: =+S96*N96 -> 0 | U96: =+T96*0.19 -> 0 | V96: =+U96+T96 -> 0 | W96: =+V96+R96 -> 93097.27
K97: CORRECTIVO | L97: BOBINA DE ENCENDIDO | N97: 4 | O97: 162400 | P97: =+O97*N97 -> 649600 | Q97: =+P97*0.19 -> 123424 | R97: =+Q97+P97 -> 773024 | T97: =+S97*N97 -> 0 | U97: =+T97*0.19 -> 0 | V97: =+U97+T97 -> 0 | W97: =+V97+R97 -> 773024
K98: PREVENTIVO | L98: JUEGO DE EMPAQUE MULTIPLE DE ADMISIÓN | N98: 1 | O98: 22500 | P98: =+O98*N98 -> 22500 | Q98: =+P98*0.19 -> 4275 | R98: =+Q98+P98 -> 26775 | S98: 127400 | T98: =+S98*N98 -> 127400 | U98: =+T98*0.19 -> 24206 | V98: =+U98+T98 -> 151606 | W98: =+V98+R98 -> 178381
K99: PREVENTIVO | L99: SINCRONIZACIÓN (INCLUYE LAVADO DE INYECTORES, CUERPO DE ACELERACIÓN Y ACTIVIDADES COMPLEMENTARIAS) | N99: 1 | P99: =+O99*N99 -> 0 | Q99: =+P99*0.19 -> 0 | R99: =+Q99+P99 -> 0 | S99: 347380 | T99: =+S99*N99 -> 347380 | U99: =+T99*0.19 -> 66002.2 | V99: =+U99+T99 -> 413382.2 | W99: =+V99+R99 -> 413382.2
K100: PREVENTIVO | L100: LAVADO EXTERIOR CAMIONETA | N100: 1 | P100: =+O100*N100 -> 0 | Q100: =+P100*0.19 -> 0 | R100: =+Q100+P100 -> 0 | S100: 34941 | T100: =+S100*N100 -> 34941 | U100: =+T100*0.19 -> 6638.79 | V100: =+U100+T100 -> 41579.79 | W100: =+V100+R100 -> 41579.79
K101: CORRECTIVO | L101: LIMPIADOR CUERPO DE ACELERACIÓN | N101: 1 | O101: 34803 | P101: =+O101*N101 -> 34803 | Q101: =+P101*0.19 -> 6612.57 | R101: =+Q101+P101 -> 41415.57 | T101: =+S101*N101 -> 0 | U101: =+T101*0.19 -> 0 | V101: =+U101+T101 -> 0 | W101: =+V101+R101 -> 41415.57
C102: 45485 | D102: 129048 | E102: REVISIÓN BOMBA GASOLINA, CAMBIO SINCRONIZADOR CAJA VELOCIDADES, CAMBIO LIQUIDO DE FRENOS, JUEGO TAPETES, CAMBIO ACEITE Y FILTROS. ENCENDIDO DEFICIENTE, CAJA DE VELOCIDADES PRESENTA RIGIDEZ AL ENGRANAR 2 MARCHA. PREVENTIVO, TAPETES DETERIORADOS, KILOMETRAJE CUMPLIDO . | G102: UNION TEMPORAL EL NORTE | H102: 129044 | I102: 45512 | J102: FVUN 201 | K102: CORRECTIVO | L102: KIT EMBRAGUE (DISCO, PRENSA Y BALINERA) | N102: 1 | O102: 517500 | P102: =+O102*N102 -> 517500 | Q102: =+P102*0.19 -> 98325 | R102: =+Q102+P102 -> 615825 | T102: =+S102*N102 -> 0 | U102: =+T102*0.19 -> 0 | V102: =+U102+T102 -> 0 | W102: =+V102+R102 -> 615825 | X102: =SUM(W102:W127) -> 7613077.4 | Y102: SOPORTE
K103: CORRECTIVO | L103: BALIBOMBA DE EMBRAGUE | N103: 1 | O103: 250000 | P103: =+O103*N103 -> 250000 | Q103: =+P103*0.19 -> 47500 | R103: =+Q103+P103 -> 297500 | T103: =+S103*N103 -> 0 | U103: =+T103*0.19 -> 0 | V103: =+U103+T103 -> 0 | W103: =+V103+R103 -> 297500
K104: CORRECTIVO | L104: RETEN DELANTERO CIGÜEÑAL | N104: 1 | O104: 145171 | P104: =+O104*N104 -> 145171 | Q104: =+P104*0.19 -> 27582.49 | R104: =+Q104+P104 -> 172753.49 | T104: =+S104*N104 -> 0 | U104: =+T104*0.19 -> 0 | V104: =+U104+T104 -> 0 | W104: =+V104+R104 -> 172753.49
K105: CORRECTIVO | L105: JUNTA TAPA CARTER MOTOR | N105: 1 | O105: 131590 | P105: =+O105*N105 -> 131590 | Q105: =+P105*0.19 -> 25002.1 | R105: =+Q105+P105 -> 156592.1 | T105: =+S105*N105 -> 0 | U105: =+T105*0.19 -> 0 | V105: =+U105+T105 -> 0 | W105: =+V105+R105 -> 156592.1
K106: CORRECTIVO | L106: BOMBA DE COMBUSTIBLE | N106: 1 | O106: 636537 | P106: =+O106*N106 -> 636537 | Q106: =+P106*0.19 -> 120942.03 | R106: =+Q106+P106 -> 757479.03 | T106: =+S106*N106 -> 0 | U106: =+T106*0.19 -> 0 | V106: =+U106+T106 -> 0 | W106: =+V106+R106 -> 757479.03
K107: PREVENTIVO | L107: GUARDA POLVOS CAJA DIRECCIÓN | N107: 1 | O107: 97019 | P107: =+O107*N107 -> 97019 | Q107: =+P107*0.19 -> 18433.61 | R107: =+Q107+P107 -> 115452.61 | T107: =+S107*N107 -> 0 | U107: =+T107*0.19 -> 0 | V107: =+U107+T107 -> 0 | W107: =+V107+R107 -> 115452.61
K108: CORRECTIVO | L108: VARSOL | N108: 1 | O108: 28182 | P108: =+O108*N108 -> 28182 | Q108: =+P108*0.19 -> 5354.58 | R108: =+Q108+P108 -> 33536.58 | T108: =+S108*N108 -> 0 | U108: =+T108*0.19 -> 0 | V108: =+U108+T108 -> 0 | W108: =+V108+R108 -> 33536.58
K109: PREVENTIVO | L109: LIQUIDO DE FRENOS X PINTA | N109: 1 | O109: 16764 | P109: =+O109*N109 -> 16764 | Q109: =+P109*0.19 -> 3185.16 | R109: =+Q109+P109 -> 19949.16 | T109: =+S109*N109 -> 0 | U109: =+T109*0.19 -> 0 | V109: =+U109+T109 -> 0 | W109: =+V109+R109 -> 19949.16
K110: PREVENTIVO | L110: ACEITE MOTOR X CUARTO | N110: 5 | O110: 26535 | P110: =+O110*N110 -> 132675 | Q110: =+P110*0.19 -> 25208.25 | R110: =+Q110+P110 -> 157883.25 | T110: =+S110*N110 -> 0 | U110: =+T110*0.19 -> 0 | V110: =+U110+T110 -> 0 | W110: =+V110+R110 -> 157883.25
...

Sheet Hoja1
A1: OLN047 | B1: Repuestos y Mano de obra | C1: Tipo de mantenimiento
A2: TALLERES EL NORTE | B2: ABRAZADERA 450x720 NEGRA | C2: CORRECTIVO
A3: INVERSIONES EL NORTE SAS | B3: ACEITE CHEVRON PARA HIDRAULICO | C3: PREVENTIVO
A4: TALLERES EL NORTE | B4: ACEITE HID ACD PLUS ATF TYPE VI | C4: PREVENTIVO
A5: INVERSIONES EL NORTE SAS | B5: ACEITE HIDRAULICO | C5: PREVENTIVO
A6: INVERSIONES EL NORTE SAS | B6: ACEITE HIDRAULICO CAJA | C6: PREVENTIVO
A7: TALLERES EL NORTE | B7: ACEITE HIDRAULICO DIRECCION | C7: PREVENTIVO
A8: TALLERES EL NORTE | B8: ACEITE MOTOR | C8: PREVENTIVO
A9: TALLERES EL NORTE | B9: ACEITE MOTOR AC DELCO SELE 20W50 | C9: PREVENTIVO
A10: TALLERES EL NORTE | B10: ACEITE SINTETICO | C10: PREVENTIVO
A11: TALLERES EL NORTE | B11: ACEITE SINTETICO 10W40 | C11: PREVENTIVO
A12: INVERSIONES EL NORTE SAS | B12: ACEITE SINTETICO MOTOR | C12: PREVENTIVO
... A431: TALLERES EL NORTE | B431: RECARGA AIRE ACONDICIONADO | C431: CORRECTIVO
